whack	first/JJ/amod/2 whack/NN/ROOT/0 with/IN/prep/2 slices/NNS/pobj/3 flavoured/VBN/partmod/4	23	1913,3	1914,1	1915,2	1928,1	1957,3	1968,1	1969,1	1974,1	1983,1	1996,1	1997,1	1999,1	2000,3	2004,1	2005,1	2006,1
whack	first/JJ/amod/2 whack/NN/ROOT/0 with/IN/prep/2 slices/NNS/pobj/3 of/IN/prep/4 meat/NN/pobj/5	25	1913,3	1914,1	1915,2	1928,1	1957,3	1968,1	1969,1	1974,1	1983,1	1996,1	1997,1	1999,1	2000,3	2004,2	2005,1	2006,1	2008,1
whack	first/JJ/amod/3 full/JJ/amod/3 whack/NN/ROOT/0 with/IN/prep/3 slices/NNS/pobj/4	25	1913,3	1914,1	1915,2	1928,1	1957,3	1968,1	1969,1	1974,1	1983,1	1996,1	1997,1	1999,1	2000,3	2004,2	2005,1	2006,1	2008,1
whack	first/JJ/amod/3 pemmican/NN/amod/3 whack/NN/ROOT/0 with/IN/prep/3 slices/NNS/pobj/4	25	1913,3	1914,1	1915,2	1928,1	1957,3	1968,1	1969,1	1974,1	1983,1	1996,1	1997,1	1999,1	2000,3	2004,2	2005,1	2006,1	2008,1
whack	full/JJ/amod/2 whack/NN/ROOT/0 with/IN/prep/2 slices/NNS/pobj/3 flavoured/VBN/partmod/4	23	1913,3	1914,1	1915,2	1928,1	1957,3	1968,1	1969,1	1974,1	1983,1	1996,1	1997,1	1999,1	2000,3	2004,1	2005,1	2006,1
whack	full/JJ/amod/2 whack/NN/ROOT/0 with/IN/prep/2 slices/NNS/pobj/3 of/IN/prep/4 meat/NN/pobj/5	25	1913,3	1914,1	1915,2	1928,1	1957,3	1968,1	1969,1	1974,1	1983,1	1996,1	1997,1	1999,1	2000,3	2004,2	2005,1	2006,1	2008,1
whack	he/PRP/nsubj/2 whack/VB/ROOT/0 but/CC/cc/2 does/VBZ/conj/2 with/IN/prep/4 authority/NN/pobj/5	10	1994,3	1995,1	1998,4	1999,1	2000,1
whack	he/PRP/nsubj/2 whack/VB/ROOT/0 with/IN/prep/2 impunity/NN/pobj/3 long/RB/advmod/2	23	1897,9	1898,1	1900,1	1904,1	1965,2	1972,1	2003,2	2004,1	2005,1	2007,1	2008,3
whack	i/PRP/nsubj/2 whack/VB/ROOT/0 you/PRP/dobj/2 with/IN/prep/2 stick/NN/pobj/4	10	1971,1	1994,2	1995,1	1996,2	2001,1	2005,2	2007,1
whack	if/IN/advcl/2 whack/VB/ccomp/0 me/PRP/dobj/2 with/IN/prep/2 belt/NN/pobj/4	11	1902,6	1923,1	2004,1	2006,1	2008,2
whack	if/IN/advcl/3 carry/NN/dep/1 whack/VB/ccomp/0 with/IN/prep/3 belt/NN/pobj/4	11	1902,6	1923,1	2004,1	2006,1	2008,2
whack	if/IN/advcl/3 you/PRP/nsubj/3 whack/VB/ccomp/0 with/IN/prep/3 belt/NN/pobj/4	11	1902,6	1923,1	2004,1	2006,1	2008,2
whack	one/CD/nsubj/2 whack/VB/xcomp/0 neighbor/NN/dobj/2 with/IN/prep/2 hat/NN/pobj/4	13	1891,1	1910,5	1969,1	2007,1	2008,5
whack	one/CD/nsubj/2 whack/VB/xcomp/0 over/IN/prep/2 head/NN/pobj/3 with/IN/prep/2 hat/NN/pobj/5	13	1891,1	1910,5	1969,1	2007,1	2008,5
whack	one/CD/nsubj/2 whack/VB/xcomp/0 with/IN/prep/2 hat/NN/pobj/3 causing/VBG/xcomp/2	13	1891,1	1910,5	1969,1	2007,1	2008,5
whack	one/CD/nsubj/2 whack/VB/xcomp/0 with/IN/prep/2 soft/JJ/amod/5 hat/NN/pobj/3	13	1891,1	1910,5	1969,1	2007,1	2008,5
whack	one/CD/nsubj/4 of/IN/prep/1 them/PRP/pobj/2 whack/VB/xcomp/0 with/IN/prep/4 hat/NN/pobj/5	13	1891,1	1910,5	1969,1	2007,1	2008,5
whack	pemmican/NN/amod/2 whack/NN/ROOT/0 with/IN/prep/2 slices/NNS/pobj/3 flavoured/VBN/partmod/4	23	1913,3	1914,1	1915,2	1928,1	1957,3	1968,1	1969,1	1974,1	1983,1	1996,1	1997,1	1999,1	2000,3	2004,1	2005,1	2006,1
whack	pemmican/NN/amod/2 whack/NN/ROOT/0 with/IN/prep/2 slices/NNS/pobj/3 of/IN/prep/4 meat/NN/pobj/5	25	1913,3	1914,1	1915,2	1928,1	1957,3	1968,1	1969,1	1974,1	1983,1	1996,1	1997,1	1999,1	2000,3	2004,2	2005,1	2006,1	2008,1
whack	pemmican/NN/amod/3 full/JJ/amod/3 whack/NN/ROOT/0 with/IN/prep/3 slices/NNS/pobj/4	25	1913,3	1914,1	1915,2	1928,1	1957,3	1968,1	1969,1	1974,1	1983,1	1996,1	1997,1	1999,1	2000,3	2004,2	2005,1	2006,1	2008,1
whack	resounding/NN/nn/2 whack/NN/dobj/0 across/IN/prep/2 back/NN/pobj/3 with/IN/prep/4 club/NN/pobj/5	35	1901,10	1902,4	1904,1	1916,1	1922,2	1924,1	1951,1	1966,1	1970,2	2001,2	2004,1	2005,1	2006,1	2007,3	2008,4
whack	resounding/NN/nn/2 whack/NN/dobj/0 across/IN/prep/2 back/NN/pobj/3 with/IN/prep/4 flat/NN/pobj/5	10	1943,2	1958,1	1978,1	1979,2	1990,1	1994,1	1999,1	2007,1
whack	such/PDT/amod/2 whack/NN/dobj/0 on/IN/prep/2 head/NN/pobj/3 with/IN/prep/2 it/PRP/pobj/5	13	1897,7	1898,3	1932,1	1999,1	2004,1
whack	such/PDT/amod/2 whack/NN/dobj/0 with/IN/prep/2 it/PRP/pobj/3 broke/VBD/ccomp/2	13	1897,7	1898,3	1932,1	1999,1	2004,1
whack	whack/NN/ROOT/0 with/IN/prep/1 slices/NNS/pobj/2 flavoured/VBN/partmod/3 with/IN/prep/4 onion/NN/pobj/5	23	1913,3	1914,1	1915,2	1928,1	1957,3	1968,1	1969,1	1974,1	1983,1	1996,1	1997,1	1999,1	2000,3	2004,1	2005,1	2006,1
whack	whack/NN/ROOT/0 with/IN/prep/1 slices/NNS/pobj/2 of/IN/prep/3 horse/NN/nn/6 meat/NN/pobj/4	25	1913,3	1914,1	1915,2	1928,1	1957,3	1968,1	1969,1	1974,1	1983,1	1996,1	1997,1	1999,1	2000,3	2004,2	2005,1	2006,1	2008,1
whack	whack/NN/ROOT/0 with/IN/prep/1 slices/NNS/pobj/2 of/IN/prep/3 meat/NN/pobj/4 flavoured/VBN/partmod/3	23	1913,3	1914,1	1915,2	1928,1	1957,3	1968,1	1969,1	1974,1	1983,1	1996,1	1997,1	1999,1	2000,3	2004,1	2005,1	2006,1
whack	whack/NN/appos/0 with/IN/prep/1 ruler/NN/pobj/2 appeal/NN/appos/3 to/TO/prep/4 instinct/NN/pobj/5	11	1909,6	1911,1	1916,1	2005,1	2008,2
whack	whack/NN/appos/0 with/IN/prep/1 ruler/NN/pobj/2 distinct/JJ/amod/5 appeal/NN/appos/3	11	1909,6	1911,1	1916,1	2005,1	2008,2
whack	whack/NN/appos/0 with/IN/prep/1 ruler/NN/pobj/2 or/CC/cc/3 pointer/NN/conj/3 appeal/NN/appos/3	11	1909,6	1911,1	1916,1	2005,1	2008,2
whack	whack/NN/dobj/0 's/VBZ/dep/1 matter/NN/attr/2 with/IN/prep/3 you/PRP/pobj/4	13	1901,4	1902,2	1904,1	1916,1	1922,2	1924,1	2005,1	2008,1
whack	whack/NN/dobj/0 across/IN/prep/1 back/NN/pobj/2 with/IN/prep/3 club/NN/pobj/4 's/VBZ/dep/1	13	1901,4	1902,2	1904,1	1916,1	1922,2	1924,1	2005,1	2008,1
whack	whack/NN/dobj/0 across/IN/prep/1 back/NN/pobj/2 with/IN/prep/3 club/NN/pobj/4 yelled/VBD/partmod/1	13	1901,4	1902,2	1904,1	1916,1	1922,2	1924,1	2005,1	2008,1
whack	whack/NN/dobj/0 across/IN/prep/1 back/NN/pobj/2 with/IN/prep/3 flat/NN/pobj/4 of/IN/prep/5 sword/NN/pobj/6	10	1943,2	1958,1	1978,1	1979,2	1990,1	1994,1	1999,1	2007,1
whack	whack/NN/dobj/0 at/IN/prep/1 that/IN/pobj/2 put/VB/dep/3 with/IN/prep/4 casey/NNP/pobj/5	29	1927,1	1963,1	1965,1	1974,1	1975,1	1983,1	1985,1	1990,1	1991,1	1992,1	1993,1	1994,2	1995,2	1996,2	1998,1	1999,1	2001,2	2002,1	2003,1	2004,2	2005,2	2007,2
whack	whack/NN/dobj/0 in/IN/prep/1 rear/NN/pobj/2 with/IN/prep/3 flat/NN/pobj/4 of/IN/prep/5 hand/NN/pobj/6	57	1875,2	1878,1	1879,1	1883,1	1893,2	1899,3	1903,4	1907,1	1917,7	1918,1	1922,3	1924,1	1933,1	1957,3	1962,1	1970,1	1980,1	1983,1	1985,2	1991,2	1992,1	1994,3	1995,1	1996,1	2002,1	2004,5	2006,2	2007,1	2008,3
whack	whack/NN/dobj/0 on/IN/prep/1 head/NN/pobj/2 with/IN/prep/1 it/PRP/pobj/4 broke/VBD/ccomp/1	13	1897,7	1898,3	1932,1	1999,1	2004,1
whack	whack/NN/dobj/0 over/IN/prep/1 shoulders/NNS/pobj/2 with/IN/prep/1 staff/NN/pobj/4 and/CC/cc/5 answers/NNS/conj/5	19	1954,1	1958,2	1959,4	1971,1	1974,1	1979,4	1995,1	2002,1	2004,4
whack	whack/NN/dobj/0 over/IN/prep/1 shoulders/NNS/pobj/2 with/IN/prep/1 staff/NN/pobj/4 lion/NN/dep/1	19	1954,1	1958,2	1959,4	1971,1	1974,1	1979,4	1995,1	2002,1	2004,4
whack	whack/NN/dobj/0 with/IN/prep/1 it/PRP/pobj/2 that/IN/compl/5 broke/VBD/ccomp/1	13	1897,7	1898,3	1932,1	1999,1	2004,1
whack	whack/NN/dobj/0 with/IN/prep/1 it/PRP/pobj/2 thing/NN/nsubj/5 broke/VBD/ccomp/1	13	1897,7	1898,3	1932,1	1999,1	2004,1
whack	whack/NN/dobj/0 with/IN/prep/1 staff/NN/pobj/2 and/CC/cc/3 answers/NNS/conj/3 lion/NN/dep/1	19	1954,1	1958,2	1959,4	1971,1	1974,1	1979,4	1995,1	2002,1	2004,4
whack	whack/NN/dobj/0 with/IN/prep/1 staff/NN/pobj/2 haired/JJ/dep/5 lion/NN/dep/1	18	1954,1	1958,2	1959,4	1971,1	1974,1	1979,4	2002,1	2004,4
whack	whack/NN/pobj/0 makes/VBZ/rcmod/1 jump/VB/xcomp/2 with/IN/prep/3 anger/NN/pobj/4	17	1890,2	1896,2	1919,1	1922,1	1923,1	1924,1	1930,1	1935,2	1950,1	1954,1	1967,1	1972,2	1987,1
whack	whack/NN/pobj/0 with/IN/prep/1 gigantic/JJ/amod/5 dust/NN/nn/5 mop/NN/pobj/2	11	1973,2	1974,4	1980,2	1992,1	1995,1	2004,1
whack	whack/VB/ROOT/0 but/CC/cc/1 does/VBZ/conj/1 it/PRP/dobj/3 with/IN/prep/3 authority/NN/pobj/5	10	1994,3	1995,1	1998,4	1999,1	2000,1
whack	whack/VB/ROOT/0 but/CC/cc/1 does/VBZ/conj/1 with/IN/prep/3 authority/NN/pobj/4 let/VB/xcomp/3	10	1994,3	1995,1	1998,4	1999,1	2000,1
whack	whack/VB/ROOT/0 but/CC/cc/1 does/VBZ/conj/1 with/IN/prep/3 enough/JJ/amod/6 authority/NN/pobj/4	10	1994,3	1995,1	1998,4	1999,1	2000,1
whack	whack/VB/ROOT/0 but/CC/cc/1 he/PRP/nsubj/4 does/VBZ/conj/1 with/IN/prep/4 authority/NN/pobj/5	10	1994,3	1995,1	1998,4	1999,1	2000,1
whack	whack/VB/ROOT/0 hard/RB/advmod/1 but/CC/cc/1 does/VBZ/conj/1 with/IN/prep/4 authority/NN/pobj/5	10	1994,3	1995,1	1998,4	1999,1	2000,1
whack	whack/VB/ROOT/0 me/PRP/dobj/1 but/CC/cc/1 does/VBZ/conj/1 with/IN/prep/4 authority/NN/pobj/5	10	1994,3	1995,1	1998,4	1999,1	2000,1
whack	whack/VB/ROOT/0 with/IN/prep/1 impunity/NN/pobj/2 long/RB/advmod/1 draw/VB/ccomp/4	23	1897,9	1898,1	1900,1	1904,1	1965,2	1972,1	2003,2	2004,1	2005,1	2007,1	2008,3
whack	whack/VB/ROOT/0 with/IN/prep/1 impunity/NN/pobj/2 so/RB/advmod/5 long/RB/advmod/1	23	1897,9	1898,1	1900,1	1904,1	1965,2	1972,1	2003,2	2004,1	2005,1	2007,1	2008,3
whack	whack/VB/conj/0 alternate/JJ/amod/3 syllable/NN/dobj/1 with/IN/prep/1 ictus/NN/pobj/4	10	1971,1	1972,2	1975,2	1987,1	1992,2	2005,2
whack	whack/VB/conj/0 dry/JJ/amod/3 stalks/NNS/dobj/1 with/IN/prep/1 cane/NN/pobj/4	14	1900,1	2004,1	2007,1	2008,11
whack	whack/VB/conj/0 him/PRP/dobj/1 over/IN/prep/1 head/NN/pobj/3 with/IN/prep/1 it/PRP/pobj/5	11	1943,2	2003,1	2004,2	2005,2	2006,4
whack	whack/VB/conj/0 legs/NNS/dobj/1 with/IN/prep/1 crowbar/NN/pobj/3 without/IN/prep/1 hurting/VBG/pcomp/5	16	1899,7	1905,1	1911,1	1920,1	1925,1	1937,4	2008,1
whack	whack/VB/conj/0 legs/NNS/dobj/1 with/IN/prep/1 iron/NN/nn/5 crowbar/NN/pobj/3	16	1899,7	1905,1	1911,1	1920,1	1925,1	1937,4	2008,1
whack	whack/VB/conj/0 other/JJ/dobj/1 with/IN/prep/1 stone/NN/pobj/3 and/CC/cc/4 steel/NN/conj/4	11	1899,5	1945,1	1963,1	2008,4
whack	whack/VB/conj/0 other/JJ/dobj/1 with/IN/prep/1 tangible/JJ/amod/5 stone/NN/pobj/3	11	1899,5	1945,1	1963,1	2008,4
whack	whack/VB/conj/0 stalks/NNS/dobj/1 of/IN/prep/2 mullen/NNS/pobj/3 with/IN/prep/1 cane/NN/pobj/5	14	1900,1	2004,1	2007,1	2008,11
whack	whack/VB/conj/0 with/IN/prep/1 crowbar/NN/pobj/2 without/IN/prep/1 hurting/VBG/pcomp/4 him/PRP/dobj/5	16	1899,7	1905,1	1911,1	1920,1	1925,1	1937,4	2008,1
whack	whack/VB/conj/0 with/IN/prep/1 iron/NN/nn/4 crowbar/NN/pobj/2 without/IN/prep/1 hurting/VBG/pcomp/5	16	1899,7	1905,1	1911,1	1920,1	1925,1	1937,4	2008,1
whack	whack/VB/conj/0 with/IN/prep/1 tangible/JJ/amod/4 stone/NN/pobj/2 and/CC/cc/4 steel/NN/conj/4	11	1899,5	1945,1	1963,1	2008,4
whack	whack/VB/dep/0 him/PRP/dobj/1 over/IN/prep/1 head/NN/pobj/3 with/IN/prep/1 axe/NN/pobj/5	14	1900,3	1901,2	1969,1	2004,1	2005,1	2006,2	2007,2	2008,2
whack	whack/VB/dobj/0 except/IN/prep/1 with/IN/dep/2 did/VBD/partmod/1	11	1909,11
whack	whack/VB/dobj/0 except/IN/prep/1 with/IN/dep/2 pagans/NNS/pobj/3	11	1909,11
whack	whack/VB/dobj/0 with/IN/prep/1 any/DT/pobj/2 did/VBD/partmod/1 hinder/VB/xcomp/4	11	1909,11
whack	whack/VB/dobj/0 with/IN/prep/1 any/DT/pobj/2 did/VBD/partmod/1 much/RB/dobj/4	11	1909,11
whack	whack/VB/dobj/0 with/IN/prep/1 any/DT/pobj/2 encountered/VBD/rcmod/3 did/VBD/partmod/1	11	1909,11
whack	whack/VB/dobj/0 with/IN/prep/1 any/DT/pobj/2 encountered/VBD/rcmod/3 except/IN/prep/1	11	1909,11
whack	whack/VB/dobj/0 with/IN/prep/1 any/DT/pobj/2 encountered/VBD/rcmod/3 on/IN/prep/4 walks/NNS/pobj/5	11	1909,11
whack	whack/VB/dobj/0 with/IN/prep/1 any/DT/pobj/2 except/IN/prep/1 did/VBD/partmod/1	11	1909,11
whack	whack/VB/dobj/0 with/IN/prep/1 any/DT/pobj/2 except/IN/prep/1 with/IN/dep/4	11	1909,11
whack	whack/VB/dobj/0 with/IN/prep/1 any/DT/pobj/2 i/PRP/nsubj/5 encountered/VBD/rcmod/3	11	1909,11
whack	whack/VB/xcomp/0 arms/NNS/dobj/1 chilled/VBN/dep/1 with/IN/prep/3 driving/NN/pobj/4	19	1926,1	1927,3	1929,2	1933,2	1945,1	1946,3	1952,1	1953,3	1963,1	2000,1	2002,1
whack	whack/VB/xcomp/0 boy/NN/dobj/1 with/IN/prep/2 bat/NN/pobj/3 did/VBD/advcl/1	10	1903,2	2005,1	2007,2	2008,5
whack	whack/VB/xcomp/0 chilled/VBN/dep/1 with/IN/prep/2 driving/NN/pobj/3 have/VB/dep/1	19	1926,1	1927,3	1929,2	1933,2	1945,1	1946,3	1952,1	1953,3	1963,1	2000,1	2002,1
whack	whack/VB/xcomp/0 indian/JJ/amod/3 boy/NN/dobj/1 with/IN/prep/3 bat/NN/pobj/4	10	1903,2	2005,1	2007,2	2008,5
whack	whack/VB/xcomp/0 neighbor/NN/dobj/1 over/IN/prep/1 head/NN/pobj/3 with/IN/prep/1 hat/NN/pobj/5	13	1891,1	1910,5	1969,1	2007,1	2008,5
whack	whack/VB/xcomp/0 neighbor/NN/dobj/1 with/IN/prep/1 hat/NN/pobj/3 causing/VBG/xcomp/1	13	1891,1	1910,5	1969,1	2007,1	2008,5
whack	whack/VB/xcomp/0 neighbor/NN/dobj/1 with/IN/prep/1 soft/JJ/amod/5 hat/NN/pobj/3	13	1891,1	1910,5	1969,1	2007,1	2008,5
whack	whack/VB/xcomp/0 over/IN/prep/1 head/NN/pobj/2 with/IN/prep/1 hat/NN/pobj/4 causing/VBG/xcomp/1	13	1891,1	1910,5	1969,1	2007,1	2008,5
whack	whack/VB/xcomp/0 over/IN/prep/1 head/NN/pobj/2 with/IN/prep/1 soft/JJ/amod/6 hat/NN/pobj/4	13	1891,1	1910,5	1969,1	2007,1	2008,5
whack	whack/VB/xcomp/0 whirlpools/NNS/dobj/1 with/IN/prep/1 flat/NN/pobj/3 break/VB/xcomp/1	31	1897,9	1898,1	1900,1	1904,1	1951,1	1955,1	1957,2	1962,2	1965,2	1972,1	2002,1	2003,2	2004,1	2005,1	2006,1	2007,1	2008,3
whack	whack/VB/xcomp/0 whirlpools/NNS/dobj/1 with/IN/prep/1 flat/NN/pobj/3 of/IN/prep/4 paddles/NNS/pobj/5	31	1897,9	1898,1	1900,1	1904,1	1951,1	1955,1	1957,2	1962,2	1965,2	1972,1	2002,1	2003,2	2004,1	2005,1	2006,1	2007,1	2008,3
whack	whack/VB/xcomp/0 with/IN/prep/1 cane/NN/pobj/2 dog/NN/dobj/1 lying/VBG/rcmod/4	10	1963,5	1966,1	2006,4
whack	whack/VB/xcomp/0 with/IN/prep/1 flat/NN/pobj/2 break/VB/xcomp/1 force/NN/dobj/4	31	1897,9	1898,1	1900,1	1904,1	1951,1	1955,1	1957,2	1962,2	1965,2	1972,1	2002,1	2003,2	2004,1	2005,1	2006,1	2007,1	2008,3
whack	whack/VB/xcomp/0 with/IN/prep/1 flat/NN/pobj/2 of/IN/prep/3 paddles/NNS/pobj/4 break/VB/xcomp/1	31	1897,9	1898,1	1900,1	1904,1	1951,1	1955,1	1957,2	1962,2	1965,2	1972,1	2002,1	2003,2	2004,1	2005,1	2006,1	2007,1	2008,3
whack	whack/VB/xcomp/0 with/IN/prep/1 hat/NN/pobj/2 causing/VBG/xcomp/1 laughter/NN/dobj/4	13	1891,1	1910,5	1969,1	2007,1	2008,5
whack	whack/VB/xcomp/0 with/IN/prep/1 it/PRP/pobj/2 shoulders/NNS/dobj/1 of/IN/prep/4 raffs/NNS/pobj/5	10	1856,1	1857,4	1865,1	2008,4
whack	whack/VB/xcomp/0 with/IN/prep/1 many/JJ/pobj/2 be/VB/ccomp/3 for/IN/prep/4 winner/NN/pobj/5	12	1903,7	1906,4	1971,1
whack	whack/VB/xcomp/0 with/IN/prep/1 many/JJ/pobj/2 be/VB/ccomp/3 left/NN/attr/4	12	1903,7	1906,4	1971,1
whack	whack/VB/xcomp/0 with/IN/prep/1 many/JJ/pobj/2 that/IN/compl/5 be/VB/ccomp/3	12	1903,7	1906,4	1971,1
whack	whack/VB/xcomp/0 with/IN/prep/1 many/JJ/pobj/2 there/EX/expl/5 be/VB/ccomp/3	12	1903,7	1906,4	1971,1
whack	whack/VB/xcomp/0 with/IN/prep/1 so/RB/advmod/4 many/JJ/pobj/2 be/VB/ccomp/4	12	1903,7	1906,4	1971,1
whack	whack/VB/xcomp/0 with/IN/prep/1 soft/JJ/amod/4 hat/NN/pobj/2 causing/VBG/xcomp/1	13	1891,1	1910,5	1969,1	2007,1	2008,5
whack	whack/VB/xcomp/0 with/IN/prep/1 two/JJ/dep/5 by/JJ/dep/5 four/CD/pobj/2	15	1965,1	1995,2	1996,1	1997,1	1998,1	2001,1	2002,1	2005,1	2006,5	2008,1
whack	with/IN/ref/3 we/PRP/nsubj/3 whack/VB/rcmod/0 rebels/NNS/dobj/3	22	1922,6	1939,11	1961,2	1987,1	1996,1	2002,1
whack	with/IN/ref/3 which/WDT/pobj/1 whack/VB/rcmod/0 rebels/NNS/dobj/3	24	1922,6	1939,11	1961,2	1987,1	1996,1	1999,2	2002,1
whack	with/IN/ref/4 which/WDT/pobj/1 we/PRP/nsubj/4 whack/VB/rcmod/0	23	1922,6	1931,1	1939,11	1961,2	1987,1	1996,1	2002,1
whack	you/PRP/nsubj/2 whack/VB/ccomp/0 me/PRP/dobj/2 with/IN/prep/2 belt/NN/pobj/4	11	1902,6	1923,1	2004,1	2006,1	2008,2
whack	you/PRP/nsubj/2 whack/VB/conj/0 legs/NNS/dobj/2 with/IN/prep/2 crowbar/NN/pobj/4	16	1899,7	1905,1	1911,1	1920,1	1925,1	1937,4	2008,1
whack	you/PRP/nsubj/2 whack/VB/conj/0 with/IN/prep/2 crowbar/NN/pobj/3 without/IN/prep/2 hurting/VBG/pcomp/5	16	1899,7	1905,1	1911,1	1920,1	1925,1	1937,4	2008,1
whack	you/PRP/nsubj/2 whack/VB/conj/0 with/IN/prep/2 iron/NN/nn/5 crowbar/NN/pobj/3	16	1899,7	1905,1	1911,1	1920,1	1925,1	1937,4	2008,1
whacked	almost/RB/advmod/2 always/RB/advmod/3 whacked/VBD/ROOT/0 with/IN/prep/3 slipper/NN/pobj/4	14	1917,4	2008,10
whacked	always/RB/advmod/2 whacked/VBD/ROOT/0 bed/NN/dobj/2 with/IN/prep/2 slipper/NN/pobj/4	14	1917,4	2008,10
whacked	always/RB/advmod/3 he/PRP/nsubj/3 whacked/VBD/ROOT/0 with/IN/prep/3 slipper/NN/pobj/4	14	1917,4	2008,10
whacked	amusing/VBG/dep/2 whacked/VBD/ROOT/0 finger/NN/dobj/2 with/IN/prep/2 hammer/NN/pobj/4	16	1983,1	1988,1	1996,2	1997,2	1998,2	1999,1	2002,1	2006,2	2007,2	2008,2
whacked	amusing/VBG/dep/3 i/PRP/nsubj/3 whacked/VBD/ROOT/0 with/IN/prep/3 hammer/NN/pobj/4	16	1983,1	1988,1	1996,2	1997,2	1998,2	1999,1	2002,1	2006,2	2007,2	2008,2
whacked	amusing/VBG/dep/3 myself/PRP/dobj/1 whacked/VBD/ROOT/0 with/IN/prep/3 hammer/NN/pobj/4	16	1983,1	1988,1	1996,2	1997,2	1998,2	1999,1	2002,1	2006,2	2007,2	2008,2
whacked	boy/NN/nsubjpass/2 whacked/VBN/ROOT/0 soundly/RB/advmod/2 with/IN/prep/2 knob/NN/pobj/4	11	1891,2	1893,2	1898,1	1969,1	2004,1	2007,3	2008,1
whacked	boy/NN/nsubjpass/2 whacked/VBN/ROOT/0 with/IN/prep/2 heavy/JJ/amod/5 knob/NN/pobj/3	11	1891,2	1893,2	1898,1	1969,1	2004,1	2007,3	2008,1
whacked	boy/NN/nsubjpass/2 whacked/VBN/ROOT/0 with/IN/prep/2 knob/NN/pobj/3 of/IN/prep/4 staff/NN/pobj/5	11	1891,2	1893,2	1898,1	1969,1	2004,1	2007,3	2008,1
whacked	broncho/NN/nsubj/2 whacked/VBD/ROOT/0 at/IN/prep/2 scorpion/NN/pobj/3 with/IN/prep/2 stetson/NNP/pobj/5	16	1904,1	1916,1	1919,1	1929,1	1953,4	1986,1	2004,1	2006,1	2007,3	2008,2
whacked	broncho/NN/nsubj/2 whacked/VBD/ROOT/0 with/IN/prep/2 pound/JJ/dep/5 stetson/NNP/pobj/3	16	1904,1	1916,1	1919,1	1929,1	1953,4	1986,1	2004,1	2006,1	2007,3	2008,2
whacked	broncho/NN/nsubj/2 whacked/VBD/ROOT/0 with/IN/prep/2 stetson/NNP/pobj/3 and/CC/cc/2 relapsed/VBD/conj/2	16	1904,1	1916,1	1919,1	1929,1	1953,4	1986,1	2004,1	2006,1	2007,3	2008,2
whacked	broncho/NN/nsubj/2 whacked/VBD/ROOT/0 with/IN/prep/2 stetson/NNP/pobj/3 felt/VBD/dep/4	16	1904,1	1916,1	1919,1	1929,1	1953,4	1986,1	2004,1	2006,1	2007,3	2008,2
whacked	broncho/NNP/nsubj/2 whacked/VBD/ROOT/0 at/IN/prep/2 scorpion/NN/pobj/3 with/IN/prep/2 stetson/NNP/pobj/5	10	1904,3	1913,2	1917,1	1918,1	1986,1	2003,1	2007,1
whacked	broncho/NNP/nsubj/2 whacked/VBD/ROOT/0 with/IN/prep/2 pound/JJ/dep/5 stetson/NNP/pobj/3	10	1904,3	1913,2	1917,1	1918,1	1986,1	2003,1	2007,1
whacked	broncho/NNP/nsubj/2 whacked/VBD/ROOT/0 with/IN/prep/2 stetson/NNP/pobj/3 and/CC/cc/2 relapsed/VBD/conj/2	10	1904,3	1913,2	1917,1	1918,1	1986,1	2003,1	2007,1
whacked	cop/NN/nsubj/2 whacked/VBD/dep/0 you/PRP/dobj/2 with/IN/prep/2 stick/NN/pobj/4	11	1974,7	1976,3	1985,1
whacked	cop/NN/nsubj/4 on/IN/prep/1 corner/NN/pobj/2 whacked/VBD/dep/0 with/IN/prep/4 stick/NN/pobj/5	11	1974,7	1976,3	1985,1
whacked	courser/NN/nsubj/2 whacked/VBD/ccomp/0 it/PRP/dobj/2 with/IN/prep/2 belt/NN/pobj/4	15	1985,1	1989,8	1999,6
whacked	courser/NN/nsubj/2 whacked/VBD/ccomp/0 with/IN/prep/2 beaded/JJ/amod/5 belt/NN/pobj/3	15	1985,1	1989,8	1999,6
whacked	disgraced/JJ/amod/2 boy/NN/nsubjpass/3 whacked/VBN/ROOT/0 with/IN/prep/3 knob/NN/pobj/4	11	1891,2	1893,2	1898,1	1969,1	2004,1	2007,3	2008,1
whacked	draco/NNP/nsubj/2 whacked/VBD/advcl/0 across/IN/prep/2 face/NN/pobj/3 with/IN/prep/2 tail/NN/pobj/5	19	2005,1	2006,9	2007,9
whacked	draco/NNP/nsubj/2 whacked/VBD/advcl/0 him/PRP/dobj/2 with/IN/prep/2 tail/NN/pobj/4	19	2005,1	2006,9	2007,9
whacked	draco/NNP/nsubj/2 whacked/VBD/advcl/0 with/IN/prep/2 gigantic/JJ/amod/5 tail/NN/pobj/3	19	2005,1	2006,9	2007,9
whacked	far/RB/advmod/2 whacked/VBN/ROOT/0 soundly/RB/advmod/2 with/IN/prep/2 knob/NN/pobj/4	11	1891,2	1893,2	1898,1	1969,1	2004,1	2007,3	2008,1
whacked	far/RB/advmod/2 whacked/VBN/ROOT/0 with/IN/prep/2 heavy/JJ/amod/5 knob/NN/pobj/3	11	1891,2	1893,2	1898,1	1969,1	2004,1	2007,3	2008,1
whacked	far/RB/advmod/2 whacked/VBN/ROOT/0 with/IN/prep/2 knob/NN/pobj/3 of/IN/prep/4 staff/NN/pobj/5	11	1891,2	1893,2	1898,1	1969,1	2004,1	2007,3	2008,1
whacked	far/RB/advmod/3 boy/NN/nsubjpass/3 whacked/VBN/ROOT/0 with/IN/prep/3 knob/NN/pobj/4	11	1891,2	1893,2	1898,1	1969,1	2004,1	2007,3	2008,1
whacked	far/RB/advmod/3 rather/RB/advmod/3 whacked/VBN/ROOT/0 with/IN/prep/3 knob/NN/pobj/4	11	1891,2	1893,2	1898,1	1969,1	2004,1	2007,3	2008,1
whacked	gently/RB/advmod/2 whacked/VBD/rcmod/0 us/PRP/dobj/2 with/IN/prep/2 clubs/NNS/pobj/4	18	1920,6	1921,3	1922,2	1926,3	2004,1	2007,2	2008,1
whacked	gently/RB/advmod/2 whacked/VBD/rcmod/0 with/IN/prep/2 clubs/NNS/pobj/3 crawled/VBD/advcl/2	18	1920,6	1921,3	1922,2	1926,3	2004,1	2007,2	2008,1
whacked	hands/NNS/nsubj/2 whacked/VBD/ccomp/0 prisoners/NNS/dobj/2 with/IN/prep/2 machetes/NNS/pobj/4	16	1965,6	1966,1	1967,1	1968,3	1971,1	1972,1	1975,2	2000,1
whacked	he/PRP/nsubj/2 whacked/VBD/ROOT/0 again/RB/advmod/2 with/IN/prep/2 paper/NN/pobj/4	19	1908,7	1936,1	1961,2	1979,1	1998,1	2002,1	2004,1	2007,3	2008,2
whacked	he/PRP/nsubj/2 whacked/VBD/ROOT/0 bed/NN/dobj/2 with/IN/prep/2 slipper/NN/pobj/4	14	1917,4	2008,10
whacked	he/PRP/nsubj/2 whacked/VBD/ROOT/0 flank/NN/dobj/2 with/IN/prep/2 bough/NN/pobj/4	16	1901,1	1904,1	2005,2	2006,1	2008,11
whacked	he/PRP/nsubj/2 whacked/VBD/ROOT/0 hand/NN/dobj/2 with/IN/prep/2 paper/NN/pobj/4	19	1908,7	1936,1	1961,2	1979,1	1998,1	2002,1	2004,1	2007,3	2008,2
whacked	he/PRP/nsubj/2 whacked/VBD/ROOT/0 on/IN/prep/2 head/NN/pobj/3 with/IN/prep/2 nightstick/NN/pobj/5	10	1969,2	1970,1	1971,2	1978,1	1983,1	2000,3
whacked	he/PRP/nsubj/2 whacked/VBD/ROOT/0 with/IN/prep/2 back/NN/pobj/3 of/IN/prep/4 hand/NN/pobj/5	17	1953,1	1955,2	1972,2	1980,1	1983,1	1984,1	1986,1	2000,2	2001,1	2002,1	2003,1	2004,3
whacked	he/PRP/nsubj/2 whacked/VBD/ROOT/0 with/IN/prep/2 bamboo/NN/nn/5 pipe/NN/pobj/3	14	1940,1	1957,2	1958,1	1960,3	1964,1	1970,2	1976,1	1994,1	1996,1	1998,1
whacked	he/PRP/nsubj/2 whacked/VBD/ROOT/0 with/IN/prep/2 beech/NN/nn/5 bough/NN/pobj/3	16	1901,1	1904,1	2005,2	2006,1	2008,11
whacked	he/PRP/nsubj/2 whacked/VBD/ROOT/0 with/IN/prep/2 bough/NN/pobj/3 and/CC/cc/2 went/VBD/conj/2	16	1901,1	1904,1	2005,2	2006,1	2008,11
whacked	he/PRP/nsubj/2 whacked/VBD/ROOT/0 with/IN/prep/2 capstan/NN/nn/5 bars/NNS/pobj/3	11	1901,1	1902,2	1914,1	2006,1	2007,3	2008,3
whacked	he/PRP/nsubj/2 whacked/VBD/ROOT/0 with/IN/prep/2 flat/NN/pobj/3 of/IN/prep/4 hand/NN/pobj/5	15	1925,1	1933,1	1956,1	1958,1	1973,2	2000,1	2003,3	2005,1	2006,3	2007,1
whacked	he/PRP/nsubj/2 whacked/VBD/ROOT/0 with/IN/prep/2 flat/NN/pobj/3 of/IN/prep/4 sword/NN/pobj/5	16	1926,2	1963,2	1995,1	1999,1	2003,8	2008,2
whacked	he/PRP/nsubj/2 whacked/VBD/ROOT/0 with/IN/prep/2 open/JJ/amod/5 palm/NN/pobj/3	10	1987,1	1988,1	1990,2	1991,1	1992,3	2004,2
whacked	he/PRP/nsubj/2 whacked/VBD/ROOT/0 with/IN/prep/2 palm/NN/pobj/3 of/IN/prep/4 hand/NN/pobj/5	12	1992,1	1999,1	2002,1	2005,5	2006,2	2007,1	2008,1
whacked	he/PRP/nsubj/2 whacked/VBD/ROOT/0 with/IN/prep/2 worn/JJ/amod/5 bough/NN/pobj/3	16	1901,1	1904,1	2005,2	2006,1	2008,11
whacked	he/PRP/nsubj/2 whacked/VBD/ROOT/0 yamaoka/NNP/dobj/2 with/IN/prep/2 pipe/NN/pobj/4	10	1940,1	1957,2	1958,1	1970,2	1976,1	1994,1	1996,1	1998,1
whacked	he/PRP/nsubj/2 whacked/VBD/ccomp/0 across/IN/prep/2 shins/NNS/pobj/3 with/IN/prep/2 walkingstick/NN/pobj/5	10	1896,5	1900,3	2001,2
whacked	he/PRP/nsubj/2 whacked/VBD/ccomp/0 one/CD/dobj/2 with/IN/prep/2 walkingstick/NN/pobj/4	10	1896,5	1900,3	2001,2
whacked	he/PRP/nsubj/2 whacked/VBD/conj/0 at/IN/prep/2 poplar/NN/pobj/3 with/IN/prep/4 axe/NN/pobj/5	10	1894,5	1895,1	1922,1	1925,1	2008,2
whacked	he/PRP/nsubj/2 whacked/VBD/conj/0 side/NN/dobj/2 with/IN/prep/2 axe/NN/pobj/4	16	1901,7	1917,3	1926,3	1931,2	2006,1
whacked	he/PRP/nsubj/2 whacked/VBD/conj/0 with/IN/prep/2 open/JJ/amod/5 hand/NN/pobj/3	12	1982,2	1983,2	1990,2	2000,2	2001,4
whacked	he/PRP/nsubj/3 once/RB/advmod/3 whacked/VBD/ccomp/0 with/IN/prep/3 walkingstick/NN/pobj/4	10	1896,5	1900,3	2001,2
whacked	i/PRP/nsubj/2 whacked/VBD/ROOT/0 fighter/NN/dobj/2 with/IN/prep/2 handle/NN/pobj/4	13	1931,1	1962,1	1978,1	1982,1	1991,1	1994,3	1996,2	2003,1	2004,1	2007,1
whacked	i/PRP/nsubj/2 whacked/VBD/ROOT/0 finger/NN/dobj/2 with/IN/prep/2 hammer/NN/pobj/4	16	1983,1	1988,1	1996,2	1997,2	1998,2	1999,1	2002,1	2006,2	2007,2	2008,2
whacked	i/PRP/nsubj/2 whacked/VBD/ROOT/0 him/PRP/dobj/2 with/IN/prep/2 it/PRP/pobj/4	10	1976,1	1985,1	1990,1	1992,1	2003,2	2005,1	2007,1	2008,2
whacked	i/PRP/nsubj/2 whacked/VBD/ROOT/0 him/PRP/dobj/2 with/IN/prep/2 stick/NN/pobj/4	21	1876,3	1957,1	1985,1	1989,1	1991,1	1993,1	1994,2	2000,2	2001,1	2003,1	2004,1	2005,1	2006,1	2007,1	2008,3
whacked	i/PRP/nsubj/2 whacked/VBD/ROOT/0 on/IN/prep/2 head/NN/pobj/3 with/IN/prep/2 handle/NN/pobj/5	13	1931,1	1962,1	1978,1	1982,1	1991,1	1994,3	1996,2	2003,1	2004,1	2007,1
whacked	i/PRP/nsubj/2 whacked/VBD/ROOT/0 with/IN/prep/2 handle/NN/pobj/3 of/IN/prep/4 whip/NN/pobj/5	12	1931,1	1962,1	1978,1	1991,1	1994,3	1996,2	2003,1	2004,1	2007,1
whacked	i/PRP/nsubj/2 whacked/VBD/ROOT/0 with/IN/prep/2 heavy/JJ/amod/5 handle/NN/pobj/3	13	1931,1	1962,1	1978,1	1982,1	1991,1	1994,3	1996,2	2003,1	2004,1	2007,1
whacked	i/PRP/nsubj/2 whacked/VBD/ROOT/0 with/IN/prep/2 horn/JJ/dep/5 handle/NN/pobj/3	13	1931,1	1962,1	1978,1	1982,1	1991,1	1994,3	1996,2	2003,1	2004,1	2007,1
whacked	i/PRP/nsubj/2 whacked/VBD/ROOT/0 with/IN/prep/2 palm/NN/pobj/3 of/IN/prep/4 hand/NN/pobj/5	11	1989,1	1990,1	1991,1	2004,1	2006,3	2007,3	2008,1
whacked	i/PRP/nsubj/2 whacked/VBD/pcomp/0 him/PRP/dobj/2 with/IN/prep/2 cushion/NN/pobj/4	20	1919,7	1926,1	1946,2	1957,2	1969,1	1995,1	2003,1	2005,1	2006,1	2007,2	2008,1
whacked	i/PRP/nsubj/2 whacked/VBD/pcomp/0 with/IN/prep/2 cushion/NN/pobj/3 in/IN/prep/4 one/CD/pobj/5	20	1919,7	1926,1	1946,2	1957,2	1969,1	1995,1	2003,1	2005,1	2006,1	2007,2	2008,1
whacked	i/PRP/nsubj/2 whacked/VBD/pcomp/0 with/IN/prep/2 sofa/NN/nn/5 cushion/NN/pobj/3	20	1919,7	1926,1	1946,2	1957,2	1969,1	1995,1	2003,1	2005,1	2006,1	2007,2	2008,1
whacked	immediately/RB/advmod/2 whacked/VBD/ROOT/0 fighter/NN/dobj/2 with/IN/prep/2 handle/NN/pobj/4	12	1931,1	1962,1	1978,1	1982,1	1994,3	1996,2	2003,1	2004,1	2007,1
whacked	immediately/RB/advmod/2 whacked/VBD/ROOT/0 on/IN/prep/2 head/NN/pobj/3 with/IN/prep/2 handle/NN/pobj/5	12	1931,1	1962,1	1978,1	1982,1	1994,3	1996,2	2003,1	2004,1	2007,1
whacked	immediately/RB/advmod/2 whacked/VBD/ROOT/0 with/IN/prep/2 handle/NN/pobj/3 of/IN/prep/4 whip/NN/pobj/5	11	1931,1	1962,1	1978,1	1994,3	1996,2	2003,1	2004,1	2007,1
whacked	immediately/RB/advmod/2 whacked/VBD/ROOT/0 with/IN/prep/2 heavy/JJ/amod/5 handle/NN/pobj/3	12	1931,1	1962,1	1978,1	1982,1	1994,3	1996,2	2003,1	2004,1	2007,1
whacked	immediately/RB/advmod/2 whacked/VBD/ROOT/0 with/IN/prep/2 horn/JJ/dep/5 handle/NN/pobj/3	12	1931,1	1962,1	1978,1	1982,1	1994,3	1996,2	2003,1	2004,1	2007,1
whacked	immediately/RB/advmod/3 i/PRP/nsubj/3 whacked/VBD/ROOT/0 with/IN/prep/3 handle/NN/pobj/4	12	1931,1	1962,1	1978,1	1982,1	1994,3	1996,2	2003,1	2004,1	2007,1
whacked	kendall/NNP/nsubj/2 whacked/VBD/advcl/0 hands/NNS/dobj/2 with/IN/prep/2 ruler/NN/pobj/4	10	1864,2	1865,2	1879,1	1882,1	1883,1	1893,1	2007,2
whacked	marjorie/NNP/nsubj/2 whacked/VBD/advcl/0 her/PRP/dobj/2 with/IN/prep/2 hammer/NN/pobj/4	10	1946,3	1947,1	1952,2	1957,1	1982,1	2001,1	2004,1
whacked	marjorie/NNP/nsubj/2 whacked/VBD/advcl/0 with/IN/prep/2 hammer/NN/pobj/3 was/VBD/advcl/2	10	1946,3	1947,1	1952,2	1957,1	1982,1	2001,1	2004,1
whacked	mr./NNP/nn/2 kendall/NNP/nsubj/3 whacked/VBD/advcl/0 with/IN/prep/3 ruler/NN/pobj/4	10	1864,2	1865,2	1879,1	1882,1	1883,1	1893,1	2007,2
whacked	once/RB/advmod/2 whacked/VBD/ccomp/0 across/IN/prep/2 shins/NNS/pobj/3 with/IN/prep/2 walkingstick/NN/pobj/5	10	1896,5	1900,3	2001,2
whacked	once/RB/advmod/2 whacked/VBD/ccomp/0 one/CD/dobj/2 with/IN/prep/2 walkingstick/NN/pobj/4	10	1896,5	1900,3	2001,2
whacked	rather/RB/advmod/2 whacked/VBN/ROOT/0 soundly/RB/advmod/2 with/IN/prep/2 knob/NN/pobj/4	11	1891,2	1893,2	1898,1	1969,1	2004,1	2007,3	2008,1
whacked	rather/RB/advmod/2 whacked/VBN/ROOT/0 with/IN/prep/2 heavy/JJ/amod/5 knob/NN/pobj/3	11	1891,2	1893,2	1898,1	1969,1	2004,1	2007,3	2008,1
whacked	rather/RB/advmod/2 whacked/VBN/ROOT/0 with/IN/prep/2 knob/NN/pobj/3 of/IN/prep/4 staff/NN/pobj/5	11	1891,2	1893,2	1898,1	1969,1	2004,1	2007,3	2008,1
whacked	rather/RB/advmod/3 boy/NN/nsubjpass/3 whacked/VBN/ROOT/0 with/IN/prep/3 knob/NN/pobj/4	11	1891,2	1893,2	1898,1	1969,1	2004,1	2007,3	2008,1
whacked	sallie/NNP/nsubj/2 whacked/VBD/ROOT/0 it/PRP/dobj/2 with/IN/prep/2 back/NN/pobj/4	13	1912,4	1913,1	1995,1	2004,3	2005,1	2006,1	2008,2
whacked	sallie/NNP/nsubj/2 whacked/VBD/ROOT/0 with/IN/prep/2 back/NN/pobj/3 of/IN/prep/4 brush/NN/pobj/5	12	1912,4	1913,1	2004,3	2005,1	2006,1	2008,2
whacked	she/PRP/nsubj/2 whacked/VBD/ROOT/0 him/PRP/dobj/2 with/IN/prep/2 pillow/NN/pobj/4	14	1999,3	2002,1	2003,2	2005,4	2007,2	2008,2
whacked	she/PRP/nsubj/2 whacked/VBD/ROOT/0 him/PRP/dobj/2 with/IN/prep/2 plank/NN/pobj/4	11	2004,6	2005,2	2006,1	2007,2
whacked	she/PRP/nsubj/2 whacked/VBD/ROOT/0 him/PRP/dobj/2 with/IN/prep/2 stick/NN/pobj/4	23	1906,2	1915,2	1957,2	1985,1	2001,2	2002,1	2004,1	2006,3	2007,4	2008,5
whacked	she/PRP/nsubj/2 whacked/VBD/ROOT/0 him/PRP/dobj/2 with/IN/prep/2 sword/NN/pobj/4	18	2000,2	2001,16
whacked	she/PRP/nsubj/2 whacked/VBD/ROOT/0 with/IN/prep/2 back/NN/pobj/3 of/IN/prep/4 hand/NN/pobj/5	10	1973,1	1990,1	2000,2	2001,1	2002,2	2005,1	2006,1	2008,1
whacked	she/PRP/nsubj/2 whacked/VBD/ROOT/0 with/IN/prep/2 handy/JJ/amod/5 plank/NN/pobj/3	10	2004,5	2005,2	2006,1	2007,2
whacked	she/PRP/nsubj/2 whacked/VBD/ROOT/0 with/IN/prep/2 plank/NN/pobj/3 breaking/VBG/xcomp/2	10	2004,5	2005,2	2006,1	2007,2
whacked	she/PRP/nsubj/2 whacked/VBD/ROOT/0 with/IN/prep/2 plank/NN/pobj/3 of/IN/prep/4 wood/NN/pobj/5	10	2004,5	2005,2	2006,1	2007,2
whacked	she/PRP/nsubj/2 whacked/VBD/ROOT/0 with/IN/prep/2 stick/NN/pobj/3 and/CC/cc/2 knocked/VBD/conj/2	15	1915,2	1985,1	2004,1	2006,3	2007,4	2008,4
whacked	she/PRP/nsubj/2 whacked/VBD/ROOT/0 with/IN/prep/2 wooden/JJ/amod/5 spoon/NN/pobj/3	21	2000,1	2001,4	2003,1	2004,2	2005,1	2006,4	2007,2	2008,6
whacked	someone/NN/nsubj/2 whacked/VBD/conj/0 sack/NN/dobj/2 with/IN/prep/2 whip/NN/pobj/4	10	1965,2	1976,2	1978,3	1983,2	1995,1
whacked	suddenly/RB/advmod/2 whacked/VBD/ROOT/0 with/IN/prep/2 bamboo/NN/nn/5 pipe/NN/pobj/3	14	1940,1	1957,2	1958,1	1960,3	1964,1	1970,2	1976,1	1994,1	1996,1	1998,1
whacked	suddenly/RB/advmod/2 whacked/VBD/ROOT/0 yamaoka/NNP/dobj/2 with/IN/prep/2 pipe/NN/pobj/4	10	1940,1	1957,2	1958,1	1970,2	1976,1	1994,1	1996,1	1998,1
whacked	suddenly/RB/advmod/3 he/PRP/nsubj/3 whacked/VBD/ROOT/0 with/IN/prep/3 pipe/NN/pobj/4	15	1940,1	1957,2	1958,1	1960,3	1964,1	1970,2	1976,1	1994,1	1996,1	1998,1	2006,1
whacked	that/IN/compl/2 whacked/VBD/ccomp/0 across/IN/prep/2 shins/NNS/pobj/3 with/IN/prep/2 walkingstick/NN/pobj/5	10	1896,5	1900,3	2001,2
whacked	that/IN/compl/2 whacked/VBD/ccomp/0 one/CD/dobj/2 with/IN/prep/2 walkingstick/NN/pobj/4	10	1896,5	1900,3	2001,2
whacked	that/IN/compl/3 he/PRP/nsubj/3 whacked/VBD/ccomp/0 with/IN/prep/3 walkingstick/NN/pobj/4	10	1896,5	1900,3	2001,2
whacked	that/IN/compl/3 once/RB/advmod/3 whacked/VBD/ccomp/0 with/IN/prep/3 walkingstick/NN/pobj/4	10	1896,5	1900,3	2001,2
whacked	then/RB/advmod/2 whacked/VBD/ROOT/0 flank/NN/dobj/2 with/IN/prep/2 bough/NN/pobj/4	16	1901,1	1904,1	2005,2	2006,1	2008,11
whacked	then/RB/advmod/2 whacked/VBD/ROOT/0 with/IN/prep/2 beech/NN/nn/5 bough/NN/pobj/3	16	1901,1	1904,1	2005,2	2006,1	2008,11
whacked	then/RB/advmod/2 whacked/VBD/ROOT/0 with/IN/prep/2 bough/NN/pobj/3 and/CC/cc/2 went/VBD/conj/2	16	1901,1	1904,1	2005,2	2006,1	2008,11
whacked	then/RB/advmod/2 whacked/VBD/ROOT/0 with/IN/prep/2 worn/JJ/amod/5 bough/NN/pobj/3	16	1901,1	1904,1	2005,2	2006,1	2008,11
whacked	then/RB/advmod/3 he/PRP/nsubj/3 whacked/VBD/ROOT/0 with/IN/prep/3 bough/NN/pobj/4	16	1901,1	1904,1	2005,2	2006,1	2008,11
whacked	they/PRP/nsubjpass/2 whacked/VBN/dep/0 across/IN/prep/2 backs/NNS/pobj/3 with/IN/prep/4 sabres/NNS/pobj/5	14	1921,6	1984,1	2004,1	2006,2	2007,2	2008,2
whacked	whacked/VBD/ROOT/0 at/IN/prep/1 scorpion/NN/pobj/2 with/IN/prep/1 pound/JJ/dep/6 stetson/NNP/pobj/4	26	1904,4	1913,2	1916,1	1917,1	1918,1	1919,1	1929,1	1953,4	1986,2	2003,1	2004,1	2006,1	2007,4	2008,2
whacked	whacked/VBD/ROOT/0 at/IN/prep/1 scorpion/NN/pobj/2 with/IN/prep/1 stetson/NNP/pobj/4 and/CC/cc/1 relapsed/VBD/conj/1	26	1904,4	1913,2	1916,1	1917,1	1918,1	1919,1	1929,1	1953,4	1986,2	2003,1	2004,1	2006,1	2007,4	2008,2
whacked	whacked/VBD/ROOT/0 at/IN/prep/1 scorpion/NN/pobj/2 with/IN/prep/1 stetson/NNP/pobj/4 felt/VBD/dep/5	23	1904,3	1913,1	1916,1	1917,1	1918,1	1919,1	1929,1	1953,4	1986,1	2003,1	2004,1	2006,1	2007,4	2008,2
whacked	whacked/VBD/ROOT/0 fighter/NN/dobj/1 on/IN/prep/1 head/NN/pobj/3 with/IN/prep/1 handle/NN/pobj/5	13	1931,1	1962,1	1978,1	1982,1	1991,1	1994,3	1996,2	2003,1	2004,1	2007,1
whacked	whacked/VBD/ROOT/0 fighter/NN/dobj/1 with/IN/prep/1 handle/NN/pobj/3 of/IN/prep/4 whip/NN/pobj/5	12	1931,1	1962,1	1978,1	1991,1	1994,3	1996,2	2003,1	2004,1	2007,1
whacked	whacked/VBD/ROOT/0 fighter/NN/dobj/1 with/IN/prep/1 heavy/JJ/amod/5 handle/NN/pobj/3	13	1931,1	1962,1	1978,1	1982,1	1991,1	1994,3	1996,2	2003,1	2004,1	2007,1
whacked	whacked/VBD/ROOT/0 fighter/NN/dobj/1 with/IN/prep/1 horn/JJ/dep/5 handle/NN/pobj/3	13	1931,1	1962,1	1978,1	1982,1	1991,1	1994,3	1996,2	2003,1	2004,1	2007,1
whacked	whacked/VBD/ROOT/0 flank/NN/dobj/1 of/IN/prep/2 horse/NN/pobj/3 with/IN/prep/1 bough/NN/pobj/5	16	1901,1	1904,1	2005,2	2006,1	2008,11
whacked	whacked/VBD/ROOT/0 flank/NN/dobj/1 with/IN/prep/1 beech/NN/nn/5 bough/NN/pobj/3	16	1901,1	1904,1	2005,2	2006,1	2008,11
whacked	whacked/VBD/ROOT/0 flank/NN/dobj/1 with/IN/prep/1 bough/NN/pobj/3 and/CC/cc/1 went/VBD/conj/1	16	1901,1	1904,1	2005,2	2006,1	2008,11
whacked	whacked/VBD/ROOT/0 flank/NN/dobj/1 with/IN/prep/1 worn/JJ/amod/5 bough/NN/pobj/3	16	1901,1	1904,1	2005,2	2006,1	2008,11
whacked	whacked/VBD/ROOT/0 hand/NN/dobj/1 again/RB/advmod/1 with/IN/prep/1 paper/NN/pobj/4	19	1908,7	1936,1	1961,2	1979,1	1998,1	2002,1	2004,1	2007,3	2008,2
whacked	whacked/VBD/ROOT/0 him/PRP/dobj/1 with/IN/prep/1 back/NN/pobj/3 of/IN/prep/4 hand/NN/pobj/5	14	1948,1	1973,1	1979,1	1984,2	1986,1	1992,1	1995,2	1996,1	2001,1	2005,1	2006,1	2008,1
whacked	whacked/VBD/ROOT/0 him/PRP/dobj/1 with/IN/prep/1 handy/JJ/amod/5 plank/NN/pobj/3	10	2004,5	2005,2	2006,1	2007,2
whacked	whacked/VBD/ROOT/0 him/PRP/dobj/1 with/IN/prep/1 plank/NN/pobj/3 breaking/VBG/xcomp/1	10	2004,5	2005,2	2006,1	2007,2
whacked	whacked/VBD/ROOT/0 him/PRP/dobj/1 with/IN/prep/1 plank/NN/pobj/3 of/IN/prep/4 wood/NN/pobj/5	10	2004,5	2005,2	2006,1	2007,2
whacked	whacked/VBD/ROOT/0 him/PRP/dobj/1 with/IN/prep/1 stick/NN/pobj/3 and/CC/cc/1 knocked/VBD/conj/1	15	1915,2	1985,1	2004,1	2006,3	2007,4	2008,4
whacked	whacked/VBD/ROOT/0 it/PRP/dobj/1 with/IN/prep/1 back/NN/pobj/3 of/IN/prep/4 brush/NN/pobj/5	12	1912,4	1913,1	2004,3	2005,1	2006,1	2008,2
whacked	whacked/VBD/ROOT/0 man/NN/nn/3 fighter/NN/dobj/1 with/IN/prep/1 handle/NN/pobj/4	13	1931,1	1962,1	1978,1	1982,1	1991,1	1994,3	1996,2	2003,1	2004,1	2007,1
whacked	whacked/VBD/ROOT/0 me/PRP/dobj/1 with/IN/prep/1 back/NN/pobj/3 of/IN/prep/4 hand/NN/pobj/5	12	1972,2	1984,1	1986,1	2000,3	2002,2	2004,1	2006,2
whacked	whacked/VBD/ROOT/0 on/IN/prep/1 head/NN/pobj/2 with/IN/prep/1 handle/NN/pobj/4 of/IN/prep/5 whip/NN/pobj/6	12	1931,1	1962,1	1978,1	1991,1	1994,3	1996,2	2003,1	2004,1	2007,1
whacked	whacked/VBD/ROOT/0 on/IN/prep/1 head/NN/pobj/2 with/IN/prep/1 heavy/JJ/amod/6 handle/NN/pobj/4	13	1931,1	1962,1	1978,1	1982,1	1991,1	1994,3	1996,2	2003,1	2004,1	2007,1
whacked	whacked/VBD/ROOT/0 on/IN/prep/1 head/NN/pobj/2 with/IN/prep/1 horn/JJ/dep/6 handle/NN/pobj/4	13	1931,1	1962,1	1978,1	1982,1	1991,1	1994,3	1996,2	2003,1	2004,1	2007,1
whacked	whacked/VBD/ROOT/0 wet/JJ/amod/3 flank/NN/dobj/1 with/IN/prep/1 bough/NN/pobj/4	16	1901,1	1904,1	2005,2	2006,1	2008,11
whacked	whacked/VBD/ROOT/0 white/JJ/amod/3 fighter/NN/dobj/1 with/IN/prep/1 handle/NN/pobj/4	13	1931,1	1962,1	1978,1	1982,1	1991,1	1994,3	1996,2	2003,1	2004,1	2007,1
whacked	whacked/VBD/ROOT/0 with/IN/prep/1 back/NN/pobj/2 of/IN/prep/3 hair/NN/nn/6 brush/NN/pobj/4	12	1912,4	1913,1	2004,3	2005,1	2006,1	2008,2
whacked	whacked/VBD/ROOT/0 with/IN/prep/1 beech/NN/nn/4 bough/NN/pobj/2 and/CC/cc/1 went/VBD/conj/1	16	1901,1	1904,1	2005,2	2006,1	2008,11
whacked	whacked/VBD/ROOT/0 with/IN/prep/1 bough/NN/pobj/2 and/CC/cc/1 he/PRP/nsubj/6 went/VBD/conj/1	16	1901,1	1904,1	2005,2	2006,1	2008,11
whacked	whacked/VBD/ROOT/0 with/IN/prep/1 bough/NN/pobj/2 and/CC/cc/1 off/IN/advmod/6 went/VBD/conj/1	16	1901,1	1904,1	2005,2	2006,1	2008,11
whacked	whacked/VBD/ROOT/0 with/IN/prep/1 elk/JJ/dep/4 horn/JJ/dep/5 handle/NN/pobj/2	13	1931,1	1962,1	1978,1	1982,1	1991,1	1994,3	1996,2	2003,1	2004,1	2007,1
whacked	whacked/VBD/ROOT/0 with/IN/prep/1 four/JJ/dep/4 pound/JJ/dep/5 stetson/NNP/pobj/2	26	1904,4	1913,2	1916,1	1917,1	1918,1	1919,1	1929,1	1953,4	1986,2	2003,1	2004,1	2006,1	2007,4	2008,2
whacked	whacked/VBD/ROOT/0 with/IN/prep/1 handle/NN/pobj/2 of/IN/prep/3 pony/NN/nn/6 whip/NN/pobj/4	12	1931,1	1962,1	1978,1	1991,1	1994,3	1996,2	2003,1	2004,1	2007,1
whacked	whacked/VBD/ROOT/0 with/IN/prep/1 handy/JJ/amod/4 plank/NN/pobj/2 breaking/VBG/xcomp/1	10	2004,5	2005,2	2006,1	2007,2
whacked	whacked/VBD/ROOT/0 with/IN/prep/1 handy/JJ/amod/4 plank/NN/pobj/2 of/IN/prep/4 wood/NN/pobj/5	10	2004,5	2005,2	2006,1	2007,2
whacked	whacked/VBD/ROOT/0 with/IN/prep/1 heavy/JJ/amod/4 handle/NN/pobj/2 of/IN/prep/4 whip/NN/pobj/5	12	1931,1	1962,1	1978,1	1991,1	1994,3	1996,2	2003,1	2004,1	2007,1
whacked	whacked/VBD/ROOT/0 with/IN/prep/1 heavy/JJ/amod/5 horn/JJ/dep/5 handle/NN/pobj/2	13	1931,1	1962,1	1978,1	1982,1	1991,1	1994,3	1996,2	2003,1	2004,1	2007,1
whacked	whacked/VBD/ROOT/0 with/IN/prep/1 horn/JJ/dep/4 handle/NN/pobj/2 of/IN/prep/4 whip/NN/pobj/5	12	1931,1	1962,1	1978,1	1991,1	1994,3	1996,2	2003,1	2004,1	2007,1
whacked	whacked/VBD/ROOT/0 with/IN/prep/1 plank/NN/pobj/2 breaking/VBG/xcomp/1 arm/NN/dobj/4	10	2004,5	2005,2	2006,1	2007,2
whacked	whacked/VBD/ROOT/0 with/IN/prep/1 plank/NN/pobj/2 breaking/VBG/xcomp/1 in/IN/prep/4 places/NNS/pobj/5	10	2004,5	2005,2	2006,1	2007,2
whacked	whacked/VBD/ROOT/0 with/IN/prep/1 plank/NN/pobj/2 of/IN/prep/3 wood/NN/pobj/4 breaking/VBG/xcomp/1	10	2004,5	2005,2	2006,1	2007,2
whacked	whacked/VBD/ROOT/0 with/IN/prep/1 pound/JJ/dep/4 stetson/NNP/pobj/2 and/CC/cc/1 relapsed/VBD/conj/1	26	1904,4	1913,2	1916,1	1917,1	1918,1	1919,1	1929,1	1953,4	1986,2	2003,1	2004,1	2006,1	2007,4	2008,2
whacked	whacked/VBD/ROOT/0 with/IN/prep/1 pound/JJ/dep/4 stetson/NNP/pobj/2 felt/VBD/dep/4	23	1904,3	1913,1	1916,1	1917,1	1918,1	1919,1	1929,1	1953,4	1986,1	2003,1	2004,1	2006,1	2007,4	2008,2
whacked	whacked/VBD/ROOT/0 with/IN/prep/1 stetson/NNP/pobj/2 and/CC/cc/1 relapsed/VBD/conj/1 into/IN/prep/5 silence/NN/pobj/6	26	1904,4	1913,2	1916,1	1917,1	1918,1	1919,1	1929,1	1953,4	1986,2	2003,1	2004,1	2006,1	2007,4	2008,2
whacked	whacked/VBD/ROOT/0 with/IN/prep/1 stetson/NNP/pobj/2 and/CC/cc/1 watchers/NNS/nsubj/6 relapsed/VBD/conj/1	26	1904,4	1913,2	1916,1	1917,1	1918,1	1919,1	1929,1	1953,4	1986,2	2003,1	2004,1	2006,1	2007,4	2008,2
whacked	whacked/VBD/ROOT/0 with/IN/prep/1 stetson/NNP/pobj/2 felt/VBD/dep/3 and/CC/cc/1 relapsed/VBD/conj/1	23	1904,3	1913,1	1916,1	1917,1	1918,1	1919,1	1929,1	1953,4	1986,1	2003,1	2004,1	2006,1	2007,4	2008,2
whacked	whacked/VBD/ROOT/0 with/IN/prep/1 stick/NN/pobj/2 and/CC/cc/1 knocked/VBD/conj/1 again/RB/advmod/5	15	1915,2	1985,1	2004,1	2006,3	2007,4	2008,4
whacked	whacked/VBD/ROOT/0 with/IN/prep/1 stick/NN/pobj/2 and/CC/cc/1 knocked/VBD/conj/1 him/PRP/dobj/5	15	1915,2	1985,1	2004,1	2006,3	2007,4	2008,4
whacked	whacked/VBD/ROOT/0 with/IN/prep/1 worn/JJ/amod/4 bough/NN/pobj/2 and/CC/cc/1 went/VBD/conj/1	16	1901,1	1904,1	2005,2	2006,1	2008,11
whacked	whacked/VBD/ROOT/0 with/IN/prep/1 worn/JJ/amod/5 beech/NN/nn/5 bough/NN/pobj/2	16	1901,1	1904,1	2005,2	2006,1	2008,11
whacked	whacked/VBD/ROOT/0 yamaoka/NNP/dobj/1 with/IN/prep/1 bamboo/NN/nn/5 pipe/NN/pobj/3	10	1940,1	1957,2	1958,1	1970,2	1976,1	1994,1	1996,1	1998,1
whacked	whacked/VBD/advcl/0 across/IN/prep/1 face/NN/pobj/2 with/IN/prep/1 gigantic/JJ/amod/6 tail/NN/pobj/4	19	2005,1	2006,9	2007,9
whacked	whacked/VBD/advcl/0 her/PRP/dobj/1 with/IN/prep/1 hammer/NN/pobj/3 was/VBD/advcl/1	10	1946,3	1947,1	1952,2	1957,1	1982,1	2001,1	2004,1
whacked	whacked/VBD/advcl/0 him/PRP/dobj/1 across/IN/prep/1 face/NN/pobj/3 with/IN/prep/1 tail/NN/pobj/5	19	2005,1	2006,9	2007,9
whacked	whacked/VBD/advcl/0 him/PRP/dobj/1 with/IN/prep/1 gigantic/JJ/amod/5 tail/NN/pobj/3	19	2005,1	2006,9	2007,9
whacked	whacked/VBD/advcl/0 with/IN/prep/1 hammer/NN/pobj/2 she/PRP/nsubj/5 was/VBD/advcl/1	10	1946,3	1947,1	1952,2	1957,1	1982,1	2001,1	2004,1
whacked	whacked/VBD/advcl/0 with/IN/prep/1 hammer/NN/pobj/2 was/VBD/advcl/1 old/JJ/acomp/4	10	1946,3	1947,1	1952,2	1957,1	1982,1	2001,1	2004,1
whacked	whacked/VBD/ccomp/0 it/PRP/dobj/1 with/IN/prep/1 beaded/JJ/amod/5 belt/NN/pobj/3	15	1985,1	1989,8	1999,6
whacked	whacked/VBD/ccomp/0 one/CD/dobj/1 across/IN/prep/1 shins/NNS/pobj/3 with/IN/prep/1 walkingstick/NN/pobj/5	10	1896,5	1900,3	2001,2
whacked	whacked/VBD/ccomp/0 one/CD/dobj/1 of/IN/prep/2 them/PRP/pobj/3 with/IN/prep/1 walkingstick/NN/pobj/5	10	1896,5	1900,3	2001,2
whacked	whacked/VBD/conj/0 away/RB/advmod/1 at/IN/prep/1 poplar/NN/pobj/3 with/IN/prep/4 axe/NN/pobj/5	10	1894,5	1895,1	1922,1	1925,1	2008,2
whacked	whacked/VBD/conj/0 egg/NN/dobj/1 viciously/RB/advmod/1 with/IN/prep/1 spoon/NN/pobj/4	23	1896,4	1900,1	1903,1	1904,1	1908,1	1916,3	1918,1	1919,1	1927,2	1969,1	2005,2	2006,1	2008,4
whacked	whacked/VBD/conj/0 him/PRP/dobj/1 on/IN/prep/1 head/NN/pobj/3 with/IN/prep/1 it/PRP/pobj/5	12	1961,1	1980,1	1992,1	2000,4	2001,2	2005,2	2007,1
whacked	whacked/VBD/conj/0 him/PRP/dobj/1 soundly/RB/advmod/1 with/IN/prep/1 it/PRP/pobj/4	10	1910,1	1951,2	1970,2	1974,1	1979,1	1990,1	2002,1	2008,1
whacked	whacked/VBD/conj/0 him/PRP/dobj/1 with/IN/prep/1 it/PRP/pobj/3 on/IN/prep/1 shoulder/NN/pobj/5	12	1959,8	1962,2	1975,2
whacked	whacked/VBD/conj/0 me/PRP/dobj/1 across/IN/prep/1 chest/NN/pobj/3 with/IN/prep/1 it/PRP/pobj/5	11	1987,3	1988,1	1989,3	1991,1	2002,1	2004,1	2006,1
whacked	whacked/VBD/conj/0 me/PRP/dobj/1 with/IN/prep/1 boot/JJ/dep/5 stretcher/NN/pobj/3	12	1922,3	1955,1	1984,1	1999,1	2003,1	2004,1	2006,1	2007,1	2008,2
whacked	whacked/VBD/conj/0 me/PRP/dobj/1 with/IN/prep/1 open/JJ/amod/5 hand/NN/pobj/3	13	1973,1	1982,2	1983,2	1984,4	1985,1	1990,2	1991,1
whacked	whacked/VBD/conj/0 me/PRP/dobj/1 with/IN/prep/1 stretcher/NN/pobj/3 fell/VBD/advcl/1	12	1922,3	1955,1	1984,1	1999,1	2003,1	2004,1	2006,1	2007,1	2008,2
whacked	whacked/VBD/conj/0 side/NN/dobj/1 of/IN/prep/2 tree/NN/pobj/3 with/IN/prep/1 axe/NN/pobj/5	13	1901,7	1926,3	1931,2	2006,1
whacked	whacked/VBD/conj/0 them/PRP/dobj/1 with/IN/prep/1 flat/NN/pobj/3 of/IN/prep/4 sword/NN/pobj/5	14	2003,3	2004,3	2005,1	2007,4	2008,3
whacked	whacked/VBD/conj/0 with/IN/prep/1 all/DT/pobj/2 her/PRP/nsubj/5 might/MD/rcmod/3	17	1929,1	1949,2	1951,1	1958,1	1977,1	1984,1	1986,1	2000,5	2001,1	2004,2	2005,1
whacked	whacked/VBD/conj/0 with/IN/prep/1 boot/JJ/dep/4 stretcher/NN/pobj/2 fell/VBD/advcl/1	12	1922,3	1955,1	1984,1	1999,1	2003,1	2004,1	2006,1	2007,1	2008,2
whacked	whacked/VBD/conj/0 with/IN/prep/1 it/PRP/pobj/2 on/IN/prep/1 bare/JJ/amod/6 shoulder/NN/pobj/4	12	1959,8	1962,2	1975,2
whacked	whacked/VBD/conj/0 with/IN/prep/1 stretcher/NN/pobj/2 accidentally/RB/advmod/5 fell/VBD/advcl/1	12	1922,3	1955,1	1984,1	1999,1	2003,1	2004,1	2006,1	2007,1	2008,2
whacked	whacked/VBD/conj/0 with/IN/prep/1 stretcher/NN/pobj/2 fell/VBD/advcl/1 asleep/RB/advmod/4	12	1922,3	1955,1	1984,1	1999,1	2003,1	2004,1	2006,1	2007,1	2008,2
whacked	whacked/VBD/conj/0 with/IN/prep/1 stretcher/NN/pobj/2 fell/VBD/advcl/1 rocking/VBG/advcl/4	12	1922,3	1955,1	1984,1	1999,1	2003,1	2004,1	2006,1	2007,1	2008,2
whacked	whacked/VBD/conj/0 with/IN/prep/1 stretcher/NN/pobj/2 i/PRP/nsubj/5 fell/VBD/advcl/1	12	1922,3	1955,1	1984,1	1999,1	2003,1	2004,1	2006,1	2007,1	2008,2
whacked	whacked/VBD/conj/0 with/IN/prep/1 two/JJ/dep/5 by/JJ/dep/5 four/CD/pobj/2	10	1984,3	1993,2	1996,1	1997,1	2000,1	2004,2
whacked	whacked/VBD/pcomp/0 him/PRP/dobj/1 with/IN/prep/1 cushion/NN/pobj/3 in/IN/prep/4 one/CD/pobj/5	21	1919,7	1926,1	1946,2	1957,2	1969,1	1995,1	2003,1	2005,1	2006,2	2007,2	2008,1
whacked	whacked/VBD/pcomp/0 him/PRP/dobj/1 with/IN/prep/1 sofa/NN/nn/5 cushion/NN/pobj/3	21	1919,7	1926,1	1946,2	1957,2	1969,1	1995,1	2003,1	2005,1	2006,2	2007,2	2008,1
whacked	whacked/VBD/pcomp/0 with/IN/prep/1 cushion/NN/pobj/2 in/IN/prep/3 one/CD/pobj/4 of/IN/prep/5 fights/NNS/pobj/6	20	1919,6	1926,1	1946,2	1957,2	1969,1	1995,1	2003,1	2005,1	2006,2	2007,2	2008,1
whacked	whacked/VBD/pcomp/0 with/IN/prep/1 sofa/NN/nn/4 cushion/NN/pobj/2 in/IN/prep/4 one/CD/pobj/5	21	1919,7	1926,1	1946,2	1957,2	1969,1	1995,1	2003,1	2005,1	2006,2	2007,2	2008,1
whacked	whacked/VBD/rcmod/0 us/PRP/dobj/1 with/IN/prep/1 clubs/NNS/pobj/3 crawled/VBD/advcl/1	18	1920,6	1921,3	1922,2	1926,3	2004,1	2007,2	2008,1
whacked	whacked/VBD/rcmod/0 with/IN/prep/1 clubs/NNS/pobj/2 crawled/VBD/advcl/1 under/IN/prep/4 tent/NN/pobj/5	18	1920,6	1921,3	1922,2	1926,3	2004,1	2007,2	2008,1
whacked	whacked/VBD/rcmod/0 with/IN/prep/1 clubs/NNS/pobj/2 we/PRP/nsubj/5 crawled/VBD/advcl/1	18	1920,6	1921,3	1922,2	1926,3	2004,1	2007,2	2008,1
whacked	whacked/VBN/ROOT/0 soundly/RB/advmod/1 with/IN/prep/1 heavy/JJ/amod/5 knob/NN/pobj/3	11	1891,2	1893,2	1898,1	1969,1	2004,1	2007,3	2008,1
whacked	whacked/VBN/ROOT/0 soundly/RB/advmod/1 with/IN/prep/1 knob/NN/pobj/3 of/IN/prep/4 staff/NN/pobj/5	11	1891,2	1893,2	1898,1	1969,1	2004,1	2007,3	2008,1
whacked	whacked/VBN/ROOT/0 with/IN/prep/1 heavy/JJ/amod/4 knob/NN/pobj/2 of/IN/prep/4 staff/NN/pobj/5	11	1891,2	1893,2	1898,1	1969,1	2004,1	2007,3	2008,1
whacked	whacked/VBN/conj/0 on/IN/prep/1 ribs/NNS/pobj/2 and/CC/cc/3 back/RB/conj/3 with/IN/prep/3 mallets/NNS/pobj/6	16	1973,1	1974,11	1985,1	1997,2	2002,1
whacked	whacked/VBN/conj/0 on/IN/prep/1 ribs/NNS/pobj/2 with/IN/prep/3 mallets/NNS/pobj/4 give/VB/xcomp/1	16	1973,1	1974,11	1985,1	1997,2	2002,1
whacked	whacked/VBN/conj/0 with/IN/prep/1 bullet/NN/pobj/2 through/IN/prep/1 eye/NN/pobj/4 in/IN/prep/5 reel/NN/pobj/6	12	2003,12
whacked	whacked/VBN/conj/0 with/IN/prep/1 bullet/NN/pobj/2 through/IN/prep/1 right/JJ/amod/6 eye/NN/pobj/4	12	2003,12
whacked	whacked/VBN/xcomp/0 on/IN/prep/1 ear/NN/pobj/2 with/IN/prep/3 brick/NN/pobj/4 by/IN/prep/5 cow/NN/pobj/6	12	1898,4	1900,1	1909,1	1926,1	1966,1	1977,1	1994,1	2004,1	2007,1
whacked	who/WP/ref/2 whacked/VBD/rcmod/0 us/PRP/dobj/2 with/IN/prep/2 clubs/NNS/pobj/4	18	1920,6	1921,3	1922,2	1926,3	2004,1	2007,2	2008,1
whacked	who/WP/ref/2 whacked/VBD/rcmod/0 with/IN/prep/2 clubs/NNS/pobj/3 crawled/VBD/advcl/2	18	1920,6	1921,3	1922,2	1926,3	2004,1	2007,2	2008,1
whacked	who/WP/ref/3 gently/RB/advmod/3 whacked/VBD/rcmod/0 with/IN/prep/3 clubs/NNS/pobj/4	18	1920,6	1921,3	1922,2	1926,3	2004,1	2007,2	2008,1
whacked	with/IN/ref/4 which/WDT/pobj/1 he/PRP/nsubj/4 whacked/VBD/rcmod/0	16	1880,1	1954,2	1965,1	1969,1	1977,1	1996,1	1999,1	2002,1	2003,3	2005,1	2006,1	2007,1	2008,1
whacked	with/IN/ref/4 which/WDT/pobj/1 she/PRP/nsubj/4 whacked/VBD/rcmod/0	12	1888,1	1947,1	1968,2	1987,2	2000,1	2003,1	2004,1	2006,1	2007,2
whacker	shed/VBN/amod/5 along/RP/advmod/1 with/IN/prep/1 mower/NN/pobj/3 whacker/NN/pobj/0	13	2001,10	2002,3
whacker	shed/VBN/amod/5 with/IN/prep/1 lawn/NN/nn/4 mower/NN/pobj/2 whacker/NN/pobj/0	13	2001,10	2002,3
whacker	shed/VBN/amod/6 with/IN/prep/1 mower/NN/pobj/2 and/CC/cc/1 weed/VBD/conj/1 whacker/NN/pobj/0	13	2001,10	2002,3
whacking	be/VB/ccomp/2 whacking/VBG/ROOT/0 and/CC/cc/2 thumping/VBG/conj/2 with/IN/prep/4 mallets/NNS/pobj/5	33	1849,1	1853,3	1856,1	1864,1	1867,1	1868,1	1869,7	1884,2	1886,1	1889,1	1891,1	1894,1	1896,1	1901,2	1902,1	1904,3	1905,1	1907,1	1910,2	2008,1
whacking	goldbeaters/NNPS/nsubj/2 whacking/VBG/ROOT/0 and/CC/cc/2 thumping/VBG/conj/2 with/IN/prep/4 mallets/NNS/pobj/5	33	1849,1	1853,3	1856,1	1864,1	1867,1	1868,1	1869,7	1884,2	1886,1	1889,1	1891,1	1894,1	1896,1	1901,2	1902,1	1904,3	1905,1	1907,1	1910,2	2008,1
whacking	he/PRP/nsubj/2 whacking/VBG/ROOT/0 radio/NN/dobj/2 with/IN/prep/2 flat/NN/pobj/4	11	1987,1	2004,10
whacking	he/PRP/nsubj/2 whacking/VBG/ROOT/0 with/IN/prep/2 flat/NN/pobj/3 of/IN/prep/4 hand/NN/pobj/5	11	1987,1	2004,10
whacking	he/PRP/nsubj/2 whacking/VBG/ROOT/0 with/IN/prep/2 flat/NN/pobj/3 trying/VBG/xcomp/2	11	1987,1	2004,10
whacking	i/PRP/nsubj/2 whacking/VBG/ccomp/0 and/CC/cc/2 i/PRP/conj/2 with/IN/prep/2 food/NN/pobj/5	20	1905,2	1910,2	1911,3	1915,1	1932,1	1935,1	1936,1	1938,3	1960,1	1982,1	2007,2	2008,2
whacking	i/PRP/nsubj/2 whacking/VBG/ccomp/0 thorns/NNS/dobj/2 with/IN/prep/2 food/NN/pobj/4	19	1905,2	1910,2	1911,3	1915,1	1932,1	1935,1	1936,1	1938,3	1960,1	2007,2	2008,2
whacking	i/PRP/nsubj/2 whacking/VBG/ccomp/0 till/IN/prep/2 turn/NN/pobj/3 with/IN/prep/2 food/NN/pobj/5	20	1905,2	1910,2	1911,3	1915,1	1932,1	1935,1	1936,1	1938,3	1960,1	1982,1	2007,2	2008,2
whacking	i/PRP/nsubj/2 whacking/VBG/ccomp/0 with/IN/prep/2 food/NN/pobj/3 in/IN/prep/4 stomach/NN/pobj/5	20	1905,2	1910,2	1911,3	1915,1	1932,1	1935,1	1936,1	1938,3	1960,1	1982,1	2007,2	2008,2
whacking	i/PRP/nsubj/2 whacking/VBG/ccomp/0 with/IN/prep/2 food/NN/pobj/3 keep/VB/purpcl/2	18	1905,2	1910,2	1911,3	1915,1	1932,1	1935,1	1936,1	1938,3	1960,1	2007,2	2008,1
whacking	one/CD/num/2 peasant/NN/nsubj/3 whacking/VBG/ROOT/0 with/IN/prep/3 switch/NN/pobj/4	28	1935,1	1943,1	1946,3	1960,5	1965,1	1967,2	1978,2	2003,1	2004,1	2005,2	2006,4	2007,2	2008,3
whacking	peasant/NN/nsubj/2 whacking/VBG/ROOT/0 croup/NN/dobj/2 with/IN/prep/2 switch/NN/pobj/4	28	1935,1	1943,1	1946,3	1960,5	1965,1	1967,2	1978,2	2003,1	2004,1	2005,2	2006,4	2007,2	2008,3
whacking	peasant/NN/nsubj/2 whacking/VBG/ROOT/0 with/IN/prep/2 long/JJ/amod/5 switch/NN/pobj/3	28	1935,1	1943,1	1946,3	1960,5	1965,1	1967,2	1978,2	2003,1	2004,1	2005,2	2006,4	2007,2	2008,3
whacking	peasant/NN/nsubj/2 whacking/VBG/ROOT/0 with/IN/prep/2 switch/NN/pobj/3 and/CC/cc/2 waved/VBD/conj/2	28	1935,1	1943,1	1946,3	1960,5	1965,1	1967,2	1978,2	2003,1	2004,1	2005,2	2006,4	2007,2	2008,3
whacking	peering/VBG/advcl/2 whacking/VBG/ROOT/0 and/CC/cc/2 tossed/VBD/conj/2 with/IN/prep/4 shovels/NNS/pobj/5	26	1897,2	1899,2	1909,2	1910,2	1929,1	1931,3	1946,2	1947,3	1948,2	1952,2	1968,1	1999,1	2007,1	2008,2
whacking	rodsmen/NNS/nsubj/2 whacking/VBG/ROOT/0 and/CC/cc/2 tossed/VBD/conj/2 with/IN/prep/4 shovels/NNS/pobj/5	26	1897,2	1899,2	1909,2	1910,2	1929,1	1931,3	1946,2	1947,3	1948,2	1952,2	1968,1	1999,1	2007,1	2008,2
whacking	vigorously/RB/advmod/2 whacking/VBG/conj/0 him/PRP/dobj/2 with/IN/prep/2 pole/NN/pobj/4	11	1922,6	2006,1	2007,2	2008,2
whacking	vigorously/RB/advmod/2 whacking/VBG/conj/0 with/IN/prep/2 huge/JJ/amod/5 pole/NN/pobj/3	11	1922,6	2006,1	2007,2	2008,2
whacking	whacking/VBG/ROOT/0 and/CC/cc/1 irishmen/NNP/nsubj/4 tossed/VBD/conj/1 with/IN/prep/4 shovels/NNS/pobj/5	26	1897,2	1899,2	1909,2	1910,2	1929,1	1931,3	1946,2	1947,3	1948,2	1952,2	1968,1	1999,1	2007,1	2008,2
whacking	whacking/VBG/ROOT/0 and/CC/cc/1 stirring/VBG/conj/1 fire/NN/dobj/3 with/IN/prep/4 toe/NN/pobj/5	14	1910,3	1911,1	2005,1	2006,4	2008,5
whacking	whacking/VBG/ROOT/0 and/CC/cc/1 thumping/VBG/conj/1 with/IN/prep/3 huge/JJ/amod/6 mallets/NNS/pobj/4	33	1849,1	1853,3	1856,1	1864,1	1867,1	1868,1	1869,7	1884,2	1886,1	1889,1	1891,1	1894,1	1896,1	1901,2	1902,1	1904,3	1905,1	1907,1	1910,2	2008,1
whacking	whacking/VBG/ROOT/0 and/CC/cc/1 thumping/VBG/conj/1 with/IN/prep/3 mallets/NNS/pobj/4 at/IN/prep/3 metals/NNS/pobj/6	33	1849,1	1853,3	1856,1	1864,1	1867,1	1868,1	1869,7	1884,2	1886,1	1889,1	1891,1	1894,1	1896,1	1901,2	1902,1	1904,3	1905,1	1907,1	1910,2	2008,1
whacking	whacking/VBG/ROOT/0 and/CC/cc/1 thumping/VBG/conj/1 with/IN/prep/3 mallets/NNS/pobj/4 day/NN/tmod/3	33	1849,1	1853,3	1856,1	1864,1	1867,1	1868,1	1869,7	1884,2	1886,1	1889,1	1891,1	1894,1	1896,1	1901,2	1902,1	1904,3	1905,1	1907,1	1910,2	2008,1
whacking	whacking/VBG/ROOT/0 and/CC/cc/1 tossed/VBD/conj/1 clay/NN/dobj/3 with/IN/prep/3 shovels/NNS/pobj/5	26	1897,2	1899,2	1909,2	1910,2	1929,1	1931,3	1946,2	1947,3	1948,2	1952,2	1968,1	1999,1	2007,1	2008,2
whacking	whacking/VBG/ROOT/0 and/CC/cc/1 tossed/VBD/conj/1 up/RP/advmod/3 with/IN/prep/3 shovels/NNS/pobj/5	26	1897,2	1899,2	1909,2	1910,2	1929,1	1931,3	1946,2	1947,3	1948,2	1952,2	1968,1	1999,1	2007,1	2008,2
whacking	whacking/VBG/ROOT/0 and/CC/cc/1 tossed/VBD/conj/1 with/IN/prep/3 handled/JJ/dep/6 shovels/NNS/pobj/4	24	1897,2	1899,2	1910,2	1929,1	1931,3	1946,2	1947,3	1948,2	1952,2	1968,1	1999,1	2007,1	2008,2
whacking	whacking/VBG/ROOT/0 covered/JJ/dep/3 croup/NN/dobj/1 with/IN/prep/1 switch/NN/pobj/4	24	1935,1	1943,1	1946,3	1960,5	1965,1	1967,2	2003,1	2005,2	2006,3	2007,2	2008,3
whacking	whacking/VBG/ROOT/0 croup/NN/dobj/1 of/IN/prep/2 horse/NN/pobj/3 with/IN/prep/1 switch/NN/pobj/5	28	1935,1	1943,1	1946,3	1960,5	1965,1	1967,2	1978,2	2003,1	2004,1	2005,2	2006,4	2007,2	2008,3
whacking	whacking/VBG/ROOT/0 croup/NN/dobj/1 with/IN/prep/1 long/JJ/amod/5 switch/NN/pobj/3	28	1935,1	1943,1	1946,3	1960,5	1965,1	1967,2	1978,2	2003,1	2004,1	2005,2	2006,4	2007,2	2008,3
whacking	whacking/VBG/ROOT/0 croup/NN/dobj/1 with/IN/prep/1 switch/NN/pobj/3 and/CC/cc/1 waved/VBD/conj/1	28	1935,1	1943,1	1946,3	1960,5	1965,1	1967,2	1978,2	2003,1	2004,1	2005,2	2006,4	2007,2	2008,3
whacking	whacking/VBG/ROOT/0 hedges/NNS/conj/1 and/CC/cc/1 tossed/VBD/conj/1 with/IN/prep/4 shovels/NNS/pobj/5	19	1909,2	1910,2	1929,1	1931,3	1946,2	1947,3	1952,2	1968,1	2007,1	2008,2
whacking	whacking/VBG/ROOT/0 leg/NN/dobj/1 with/IN/prep/1 riding/NN/dep/5 whip/NN/pobj/3	14	1910,3	1911,1	2005,1	2006,4	2008,5
whacking	whacking/VBG/ROOT/0 leg/NN/dobj/1 with/IN/prep/1 whip/NN/pobj/3 and/CC/cc/1 stirring/VBG/conj/1	14	1910,3	1911,1	2005,1	2006,4	2008,5
whacking	whacking/VBG/ROOT/0 radio/NN/dobj/1 with/IN/prep/1 flat/NN/pobj/3 of/IN/prep/4 hand/NN/pobj/5	11	1987,1	2004,10
whacking	whacking/VBG/ROOT/0 radio/NN/dobj/1 with/IN/prep/1 flat/NN/pobj/3 trying/VBG/xcomp/1	11	1987,1	2004,10
whacking	whacking/VBG/ROOT/0 through/IN/prep/1 brakes/NNS/pobj/2 and/CC/cc/1 tossed/VBD/conj/1 with/IN/prep/5 shovels/NNS/pobj/6	22	1909,2	1910,2	1929,1	1931,3	1946,2	1947,3	1948,2	1952,2	1968,1	1999,1	2007,1	2008,2
whacking	whacking/VBG/ROOT/0 way/NN/dobj/1 and/CC/cc/1 tossed/VBD/conj/1 with/IN/prep/4 shovels/NNS/pobj/5	26	1897,2	1899,2	1909,2	1910,2	1929,1	1931,3	1946,2	1947,3	1948,2	1952,2	1968,1	1999,1	2007,1	2008,2
whacking	whacking/VBG/ROOT/0 with/IN/prep/1 flat/NN/pobj/2 of/IN/prep/3 hand/NN/pobj/4 trying/VBG/xcomp/1	11	1987,1	2004,10
whacking	whacking/VBG/ROOT/0 with/IN/prep/1 flat/NN/pobj/2 trying/VBG/xcomp/1 get/VB/xcomp/4	11	1987,1	2004,10
whacking	whacking/VBG/ROOT/0 with/IN/prep/1 long/JJ/amod/4 switch/NN/pobj/2 and/CC/cc/1 waved/VBD/conj/1	28	1935,1	1943,1	1946,3	1960,5	1965,1	1967,2	1978,2	2003,1	2004,1	2005,2	2006,4	2007,2	2008,3
whacking	whacking/VBG/ROOT/0 with/IN/prep/1 riding/NN/dep/4 whip/NN/pobj/2 and/CC/cc/1 stirring/VBG/conj/1	14	1910,3	1911,1	2005,1	2006,4	2008,5
whacking	whacking/VBG/ROOT/0 with/IN/prep/1 switch/NN/pobj/2 and/CC/cc/1 sitting/NN/nsubj/6 waved/VBD/conj/1	28	1935,1	1943,1	1946,3	1960,5	1965,1	1967,2	1978,2	2003,1	2004,1	2005,2	2006,4	2007,2	2008,3
whacking	whacking/VBG/ROOT/0 with/IN/prep/1 switch/NN/pobj/2 and/CC/cc/1 waved/VBD/conj/1 and/CC/cc/5 shouted/VBD/conj/5	28	1935,1	1943,1	1946,3	1960,5	1965,1	1967,2	1978,2	2003,1	2004,1	2005,2	2006,4	2007,2	2008,3
whacking	whacking/VBG/ROOT/0 with/IN/prep/1 switch/NN/pobj/2 and/CC/cc/1 waved/VBD/conj/1 arms/NNS/dobj/5	28	1935,1	1943,1	1946,3	1960,5	1965,1	1967,2	1978,2	2003,1	2004,1	2005,2	2006,4	2007,2	2008,3
whacking	whacking/VBG/ROOT/0 with/IN/prep/1 whip/NN/pobj/2 and/CC/cc/1 stirring/VBG/conj/1 fire/NN/dobj/5	14	1910,3	1911,1	2005,1	2006,4	2008,5
whacking	whacking/VBG/ccomp/0 and/CC/cc/1 i/PRP/conj/1 with/IN/prep/1 food/NN/pobj/4 in/IN/prep/5 stomach/NN/pobj/6	20	1905,2	1910,2	1911,3	1915,1	1932,1	1935,1	1936,1	1938,3	1960,1	1982,1	2007,2	2008,2
whacking	whacking/VBG/ccomp/0 and/CC/cc/1 i/PRP/conj/1 with/IN/prep/1 food/NN/pobj/4 keep/VB/purpcl/1	18	1905,2	1910,2	1911,3	1915,1	1932,1	1935,1	1936,1	1938,3	1960,1	2007,2	2008,1
whacking	whacking/VBG/ccomp/0 old/JJ/amod/3 thorns/NNS/dobj/1 with/IN/prep/1 food/NN/pobj/4	19	1905,2	1910,2	1911,3	1915,1	1932,1	1935,1	1936,1	1938,3	1960,1	2007,2	2008,2
whacking	whacking/VBG/ccomp/0 thorns/NNS/dobj/1 and/CC/cc/1 i/PRP/conj/1 with/IN/prep/1 food/NN/pobj/5	19	1905,2	1910,2	1911,3	1915,1	1932,1	1935,1	1936,1	1938,3	1960,1	2007,2	2008,2
whacking	whacking/VBG/ccomp/0 thorns/NNS/dobj/1 till/IN/prep/1 turn/NN/pobj/3 with/IN/prep/1 food/NN/pobj/5	19	1905,2	1910,2	1911,3	1915,1	1932,1	1935,1	1936,1	1938,3	1960,1	2007,2	2008,2
whacking	whacking/VBG/ccomp/0 thorns/NNS/dobj/1 with/IN/prep/1 food/NN/pobj/3 in/IN/prep/4 stomach/NN/pobj/5	19	1905,2	1910,2	1911,3	1915,1	1932,1	1935,1	1936,1	1938,3	1960,1	2007,2	2008,2
whacking	whacking/VBG/ccomp/0 thorns/NNS/dobj/1 with/IN/prep/1 food/NN/pobj/3 keep/VB/purpcl/1	18	1905,2	1910,2	1911,3	1915,1	1932,1	1935,1	1936,1	1938,3	1960,1	2007,2	2008,1
whacking	whacking/VBG/ccomp/0 till/IN/prep/1 turn/NN/pobj/2 and/CC/cc/1 i/PRP/conj/1 with/IN/prep/1 food/NN/pobj/6	20	1905,2	1910,2	1911,3	1915,1	1932,1	1935,1	1936,1	1938,3	1960,1	1982,1	2007,2	2008,2
whacking	whacking/VBG/ccomp/0 till/IN/prep/1 turn/NN/pobj/2 of/IN/prep/3 day/NN/pobj/4 with/IN/prep/1 food/NN/pobj/6	20	1905,2	1910,2	1911,3	1915,1	1932,1	1935,1	1936,1	1938,3	1960,1	1982,1	2007,2	2008,2
whacking	whacking/VBG/ccomp/0 till/IN/prep/1 turn/NN/pobj/2 with/IN/prep/1 food/NN/pobj/4 in/IN/prep/5 stomach/NN/pobj/6	20	1905,2	1910,2	1911,3	1915,1	1932,1	1935,1	1936,1	1938,3	1960,1	1982,1	2007,2	2008,2
whacking	whacking/VBG/ccomp/0 till/IN/prep/1 turn/NN/pobj/2 with/IN/prep/1 food/NN/pobj/4 keep/VB/purpcl/1	18	1905,2	1910,2	1911,3	1915,1	1932,1	1935,1	1936,1	1938,3	1960,1	2007,2	2008,1
whacking	whacking/VBG/ccomp/0 with/IN/prep/1 food/NN/pobj/2 in/IN/prep/3 stomach/NN/pobj/4 keep/VB/purpcl/1	18	1905,2	1910,2	1911,3	1915,1	1932,1	1935,1	1936,1	1938,3	1960,1	2007,2	2008,1
whacking	whacking/VBG/ccomp/0 with/IN/prep/1 food/NN/pobj/2 keep/VB/purpcl/1 in/IN/prep/4 pig/NN/pobj/5	18	1905,2	1910,2	1911,3	1915,1	1932,1	1935,1	1936,1	1938,3	1960,1	2007,2	2008,1
whacking	whacking/VBG/ccomp/0 with/IN/prep/1 food/NN/pobj/2 keep/VB/purpcl/1 life/NN/dobj/4	18	1905,2	1910,2	1911,3	1915,1	1932,1	1935,1	1936,1	1938,3	1960,1	2007,2	2008,1
whacking	whacking/VBG/conj/0 about/IN/prep/1 with/IN/prep/1 golf/NN/nn/5 clubs/NNS/pobj/3	16	1928,4	1930,2	1931,1	1932,1	1949,2	1957,1	1982,1	1984,1	2005,1	2007,2
whacking	whacking/VBG/conj/0 anybody/NN/dobj/1 with/IN/prep/1 long/JJ/amod/5 rod/NN/pobj/3	37	1894,1	1899,7	1917,5	1918,1	1923,2	1929,1	1933,1	1935,2	1964,1	1968,1	1977,1	1989,1	1993,1	1996,1	2001,4	2002,3	2004,2	2007,1	2008,1
whacking	whacking/VBG/conj/0 anybody/NN/dobj/1 with/IN/prep/1 rod/NN/pobj/3 get/VB/rcmod/4	37	1894,1	1899,7	1917,5	1918,1	1923,2	1929,1	1933,1	1935,2	1964,1	1968,1	1977,1	1989,1	1993,1	1996,1	2001,4	2002,3	2004,2	2007,1	2008,1
whacking	whacking/VBG/conj/0 at/IN/prep/1 imaginary/JJ/amod/4 things/NNS/pobj/2 with/IN/prep/1 rackets/NNS/pobj/5	11	1925,1	1930,1	1965,2	1973,1	1983,1	1991,1	2004,1	2005,1	2007,1	2008,1
whacking	whacking/VBG/conj/0 green/JJ/amod/3 frogs/NNS/dobj/1 with/IN/prep/1 stick/NN/pobj/4	16	1903,1	1933,1	1976,1	1993,3	2004,2	2006,1	2007,5	2008,2
whacking	whacking/VBG/conj/0 him/PRP/dobj/1 with/IN/prep/1 huge/JJ/amod/5 pole/NN/pobj/3	11	1922,6	2006,1	2007,2	2008,2
whacking	whacking/VBG/conj/0 on/IN/prep/1 it/PRP/pobj/2 with/IN/prep/1 great/JJ/amod/6 rapping/NN/pobj/4	13	1913,6	1914,1	2004,1	2007,2	2008,3
whacking	whacking/VBG/conj/0 them/PRP/dobj/1 about/IN/prep/1 with/IN/prep/1 clubs/NNS/pobj/4	16	1928,4	1930,2	1931,1	1932,1	1949,2	1957,1	1982,1	1984,1	2005,1	2007,2
whacking	whacking/VBG/conj/0 them/PRP/dobj/1 with/IN/prep/1 golf/NN/nn/5 clubs/NNS/pobj/3	16	1928,4	1930,2	1931,1	1932,1	1949,2	1957,1	1982,1	1984,1	2005,1	2007,2
whacking	whacking/VBG/conj/0 with/IN/prep/1 long/JJ/amod/4 rod/NN/pobj/2 get/VB/rcmod/4	37	1894,1	1899,7	1917,5	1918,1	1923,2	1929,1	1933,1	1935,2	1964,1	1968,1	1977,1	1989,1	1993,1	1996,1	2001,4	2002,3	2004,2	2007,1	2008,1
whacking	whacking/VBG/conj/0 with/IN/prep/1 rod/NN/pobj/2 get/VB/rcmod/3 out/IN/prep/4	37	1894,1	1899,7	1917,5	1918,1	1923,2	1929,1	1933,1	1935,2	1964,1	1968,1	1977,1	1989,1	1993,1	1996,1	2001,4	2002,3	2004,2	2007,1	2008,1
whacking	whacking/VBG/conj/0 with/IN/prep/1 rod/NN/pobj/2 that/WDT/ref/5 get/VB/rcmod/3	37	1894,1	1899,7	1917,5	1918,1	1923,2	1929,1	1933,1	1935,2	1964,1	1968,1	1977,1	1989,1	1993,1	1996,1	2001,4	2002,3	2004,2	2007,1	2008,1
whacking	whacking/VBG/dep/0 on/IN/prep/1 back/NN/pobj/2 of/IN/prep/3 legs/NNS/pobj/4 with/IN/prep/5 rods/NNS/pobj/6	33	1926,1	1930,2	1939,2	1952,2	1953,1	1955,3	1956,4	1958,2	1963,2	1969,2	1970,1	1971,3	1972,1	1974,2	1977,1	1980,1	1987,1	1992,2
whacking	whacking/VBG/pcomp/0 toughened/VBN/amod/3 flanks/NNS/dobj/1 with/IN/prep/1 whip/NN/pobj/4	10	1899,5	1967,1	2004,1	2007,1	2008,2
whacking	whacking/VBG/xcomp/0 animal/NN/dobj/1 with/IN/prep/1 butt/NN/pobj/3 of/IN/prep/4 whip/NN/pobj/5	23	1887,1	1900,1	1904,1	1906,1	1914,1	1917,3	1930,2	1932,1	1946,1	1950,2	1965,2	2004,2	2007,2	2008,3
whacking	whacking/VBG/xcomp/0 dark/JJ/amod/3 heads/NNS/dobj/1 with/IN/prep/1 revolvers/NNS/pobj/4	11	1935,3	1960,2	1985,4	2000,1	2005,1
whacking	whacking/VBG/xcomp/0 few/JJ/amod/3 heads/NNS/dobj/1 with/IN/prep/1 revolvers/NNS/pobj/4	11	1935,3	1960,2	1985,4	2000,1	2005,1
whacking	whacking/VBG/xcomp/0 heads/NNS/dobj/1 with/IN/prep/1 revolvers/NNS/pobj/3 and/CC/cc/1 smashing/VBG/conj/1	11	1935,3	1960,2	1985,4	2000,1	2005,1
whacking	whacking/VBG/xcomp/0 legs/NNS/dobj/1 of/IN/prep/2 stool/NN/pobj/3 with/IN/prep/1 fan/NN/pobj/5	18	1954,1	1956,5	1959,2	1960,5	1980,3	1981,2
whacking	whacking/VBG/xcomp/0 legs/NNS/dobj/1 with/IN/prep/1 plantain/NN/nn/5 fan/NN/pobj/3	18	1954,1	1956,5	1959,2	1960,5	1980,3	1981,2
whacking	whacking/VBG/xcomp/0 legs/NNS/dobj/1 with/IN/prep/1 tattered/JJ/amod/5 fan/NN/pobj/3	18	1954,1	1956,5	1959,2	1960,5	1980,3	1981,2
whacking	whacking/VBG/xcomp/0 old/JJ/amod/3 woman/NN/dobj/1 with/IN/prep/1 might/NN/pobj/4	10	1958,2	1963,1	1964,2	1979,2	1985,2	2007,1
whacking	whacking/VBG/xcomp/0 palm/NN/dobj/1 of/IN/prep/2 hand/NN/pobj/3 with/IN/prep/1 bundle/NN/pobj/5	25	1897,1	1906,1	1908,7	1936,1	1947,2	1961,2	1979,1	1985,1	1998,1	2002,2	2004,1	2007,3	2008,2
whacking	whacking/VBG/xcomp/0 with/IN/prep/1 revolvers/NNS/pobj/2 and/CC/cc/1 smashing/VBG/conj/1 mouths/NNS/dobj/5	11	1935,3	1960,2	1985,4	2000,1	2005,1
whacking	whacking/VBG/xcomp/0 with/IN/prep/1 sticks/NNS/pobj/2 at/IN/prep/3 head/NN/pobj/4 showed/VBD/rcmod/5	42	1908,2	1913,1	1915,1	1916,1	1925,1	1928,1	1932,1	1933,1	1952,1	1960,2	1972,1	1989,2	1992,1	1993,1	1995,2	1996,2	1997,2	2001,2	2002,3	2003,1	2004,3	2005,2	2006,3	2007,2	2008,3
whacking	whacking/VBG/xcomp/0 with/IN/prep/1 tattered/JJ/amod/5 plantain/NN/nn/5 fan/NN/pobj/2	18	1954,1	1956,5	1959,2	1960,5	1980,3	1981,2
whacks	he/PRP/nsubj/2 whacks/VBZ/ROOT/0 them/PRP/dobj/2 with/IN/prep/2 words/NNS/pobj/4	12	1946,6	1952,3	1974,1	1998,2
whacks	he/PRP/nsubj/2 whacks/VBZ/ROOT/0 with/IN/prep/2 more/JJR/amod/5 words/NNS/pobj/3	12	1946,6	1952,3	1974,1	1998,2
whacks	he/PRP/nsubj/2 whacks/VBZ/ROOT/0 with/IN/prep/2 words/NNS/pobj/3 but/CC/cc/2 is/VBZ/conj/2	12	1946,6	1952,3	1974,1	1998,2
whacks	he/PRP/nsubj/2 whacks/VBZ/ROOT/0 with/IN/prep/2 words/NNS/pobj/3 than/IN/prep/4 anarchists/NNS/pobj/5	12	1946,6	1952,3	1974,1	1998,2
whacks	she/PRP/nsubj/2 whacks/VBZ/ccomp/0 on/IN/prep/2 nates/NNS/pobj/3 with/IN/prep/4 poker/NN/pobj/5	11	1969,2	1970,1	1973,5	1980,1	2000,2
whacks	she/PRP/nsubj/2 whacks/VBZ/ccomp/0 yelping/VBG/ccomp/2 with/IN/prep/3 pain/NN/pobj/4	11	1969,2	1970,1	1973,5	1980,1	2000,2
whacks	three/CD/num/3 great/JJ/amod/3 whacks/NNS/pobj/0 with/IN/prep/3 bonnet/NN/pobj/4	14	1891,2	1900,4	1904,1	1912,1	2005,1	2007,1	2008,4
whacks	whacks/VBZ/ROOT/0 them/PRP/dobj/1 with/IN/prep/1 more/JJR/amod/5 words/NNS/pobj/3	12	1946,6	1952,3	1974,1	1998,2
whacks	whacks/VBZ/ROOT/0 them/PRP/dobj/1 with/IN/prep/1 words/NNS/pobj/3 but/CC/cc/1 is/VBZ/conj/1	12	1946,6	1952,3	1974,1	1998,2
whacks	whacks/VBZ/ROOT/0 them/PRP/dobj/1 with/IN/prep/1 words/NNS/pobj/3 than/IN/prep/4 anarchists/NNS/pobj/5	12	1946,6	1952,3	1974,1	1998,2
whacks	whacks/VBZ/ROOT/0 with/IN/prep/1 more/JJR/amod/4 words/NNS/pobj/2 but/CC/cc/1 is/VBZ/conj/1	12	1946,6	1952,3	1974,1	1998,2
whacks	whacks/VBZ/ROOT/0 with/IN/prep/1 more/JJR/amod/4 words/NNS/pobj/2 than/IN/prep/4 anarchists/NNS/pobj/5	12	1946,6	1952,3	1974,1	1998,2
whacks	whacks/VBZ/ROOT/0 with/IN/prep/1 words/NNS/pobj/2 but/CC/cc/1 all/DT/nsubj/6 is/VBZ/conj/1	12	1946,6	1952,3	1974,1	1998,2
whacks	whacks/VBZ/ROOT/0 with/IN/prep/1 words/NNS/pobj/2 than/IN/prep/3 anarchists/NNS/pobj/4 but/CC/cc/1 is/VBZ/conj/1	12	1946,6	1952,3	1974,1	1998,2
whacks	whacks/VBZ/ROOT/0 with/IN/prep/1 words/NNS/pobj/2 than/IN/prep/3 fashioned/JJ/dep/6 anarchists/NNS/pobj/4	12	1946,6	1952,3	1974,1	1998,2
whacks	whacks/VBZ/ROOT/0 with/IN/prep/1 words/NNS/pobj/2 than/IN/prep/3 six/JJ/dep/6 anarchists/NNS/pobj/4	12	1946,6	1952,3	1974,1	1998,2
whacks	whacks/VBZ/ccomp/0 and/CC/cc/1 yelping/VBG/ccomp/1 with/IN/prep/3 pain/NN/pobj/4	11	1969,2	1970,1	1973,5	1980,1	2000,2
whacks	whacks/VBZ/ccomp/0 him/PRP/dobj/1 on/IN/prep/1 nates/NNS/pobj/3 with/IN/prep/4 poker/NN/pobj/5	11	1969,2	1970,1	1973,5	1980,1	2000,2
whacks	whacks/VBZ/ccomp/0 him/PRP/dobj/1 yelping/VBG/ccomp/1 with/IN/prep/3 pain/NN/pobj/4	11	1969,2	1970,1	1973,5	1980,1	2000,2
whacks	whacks/VBZ/ccomp/0 on/IN/prep/1 nates/NNS/pobj/2 with/IN/prep/3 poker/NN/pobj/4 and/CC/cc/1	11	1969,2	1970,1	1973,5	1980,1	2000,2
whacks	whacks/VBZ/ccomp/0 on/IN/prep/1 nates/NNS/pobj/2 with/IN/prep/3 poker/NN/pobj/4 yelping/VBG/ccomp/1	11	1969,2	1970,1	1973,5	1980,1	2000,2
whacks	whacks/VBZ/ccomp/0 on/IN/prep/1 nates/NNS/pobj/2 yelping/VBG/ccomp/1 with/IN/prep/4 pain/NN/pobj/5	11	1969,2	1970,1	1973,5	1980,1	2000,2
whacks	whacks/VBZ/ccomp/0 yelping/VBG/ccomp/1 with/IN/prep/2 pain/NN/pobj/3 and/CC/cc/4 astonishment/NN/conj/4	11	1969,2	1970,1	1973,5	1980,1	2000,2
whacks	whacks/VBZ/conj/0 her/PRP/dobj/1 with/IN/prep/1 belt/NN/pobj/3 on/IN/prep/4 bum/NN/pobj/5	10	1988,1	1989,5	1990,1	1995,1	1996,1	1998,1
whacks	whacks/VBZ/conj/0 him/PRP/dobj/1 on/IN/prep/1 heels/NNS/pobj/3 with/IN/prep/1 cudgel/NN/pobj/5	10	1904,4	1908,1	1922,2	1923,1	1971,1	2004,1
whacks	whacks/VBZ/conj/0 with/IN/prep/1 belt/NN/pobj/2 on/IN/prep/3 bare/JJ/amod/6 bum/NN/pobj/4	10	1988,1	1989,5	1990,1	1995,1	1996,1	1998,1
