bopeep	bopeep/NN/nsubj/0 with/IN/prep/1 sweet/JJ/amod/4 pity/NN/pobj/2 nigh/IN/prep/4 her/PRP/pobj/5	10	1873,2	1885,2	1886,1	1895,2	2008,3
bopeep	poor/JJ/amod/2 bopeep/NN/nsubj/0 with/IN/prep/2 pity/NN/pobj/3 nigh/IN/prep/4 her/PRP/pobj/5	10	1873,2	1885,2	1886,1	1895,2	2008,3
bopeep	poor/JJ/amod/2 bopeep/NN/nsubj/0 with/IN/prep/2 sweet/JJ/amod/5 pity/NN/pobj/3	10	1873,2	1885,2	1886,1	1895,2	2008,3
bopp	bopp/NNP/pobj/0 and/CC/cc/1 connected/VBN/partmod/1 with/IN/prep/3 ik/NN/pobj/4 water/NN/conj/1	11	1900,2	1901,8	2004,1
bopp	bopp/NNP/pobj/0 and/CC/cc/1 pott/NNP/conj/1 connected/VBN/partmod/1 with/IN/prep/4 ik/NN/pobj/5	11	1900,2	1901,8	2004,1
bopp	bopp/NNP/pobj/0 compares/VBZ/rcmod/1 it/PRP/dobj/2 with/IN/prep/2 cadaver/NN/pobj/4	12	1875,3	1876,2	1881,4	1976,1	2006,2
bopp	bopp/NNP/pobj/0 compares/VBZ/rcmod/1 with/IN/prep/2 latin/JJ/amod/5 cadaver/NN/pobj/3	12	1875,3	1876,2	1881,4	1976,1	2006,2
bopp	bopp/NNP/pobj/0 connected/VBN/partmod/1 with/IN/prep/2 ik/NN/pobj/3 appears/VBZ/rcmod/1	11	1900,2	1901,8	2004,1
bopp	bopp/NNP/pobj/0 connected/VBN/partmod/1 with/IN/prep/2 ik/NN/pobj/3 blood/NN/dep/1	11	1900,2	1901,8	2004,1
bopp	bopp/NNP/pobj/0 connected/VBN/partmod/1 with/IN/prep/2 root/NN/nn/5 ik/NN/pobj/3	11	1900,2	1901,8	2004,1
bopp	bopp/NNP/pobj/0 who/WP/ref/3 compares/VBZ/rcmod/1 with/IN/prep/3 cadaver/NN/pobj/4	12	1875,3	1876,2	1881,4	1976,1	2006,2
bopped	bopped/VBD/ROOT/0 him/PRP/dobj/1 over/IN/prep/1 head/NN/pobj/3 with/IN/prep/1 purse/NN/pobj/5	10	1998,6	1999,1	2002,2	2003,1
bopped	trumpet/NN/nsubj/4 with/IN/prep/1 face/NN/pobj/2 bopped/VBD/ROOT/0 him/PRP/dobj/4	10	1962,2	1967,2	1974,2	1979,2	1983,1	1984,1
bopped	trumpet/NN/nsubj/4 with/IN/prep/1 face/NN/pobj/2 bopped/VBD/ROOT/0 on/IN/prep/4 head/NN/pobj/5	10	1962,2	1967,2	1974,2	1979,2	1983,1	1984,1
bopped	trumpet/NN/nsubj/5 with/IN/prep/1 black/JJ/amod/4 face/NN/pobj/2 bopped/VBD/ROOT/0	10	1962,2	1967,2	1974,2	1979,2	1983,1	1984,1
bopped	trumpet/NN/nsubj/5 with/IN/prep/1 eyed/JJ/dep/4 face/NN/pobj/2 bopped/VBD/ROOT/0	10	1962,2	1967,2	1974,2	1979,2	1983,1	1984,1
bopped	trumpet/NN/nsubj/6 with/IN/prep/1 face/NN/pobj/2 behind/IN/prep/3 it/PRP/pobj/4 bopped/VBD/ROOT/0	10	1962,2	1967,2	1974,2	1979,2	1983,1	1984,1
