cuddle	but/CC/cc/2 cuddle/VB/ROOT/0 with/IN/prep/2 other/JJ/amod/5 tad/NN/pobj/3	12	1888,8	1934,2	2004,2
cuddle	but/CC/cc/2 cuddle/VB/ROOT/0 with/IN/prep/2 tad/NN/pobj/3 was/VBD/advcl/2	12	1888,8	1934,2	2004,2
cuddle	but/CC/cc/3 i/PRP/nsubj/3 cuddle/VB/ROOT/0 with/IN/prep/3 tad/NN/pobj/4	12	1888,8	1934,2	2004,2
cuddle	but/CC/cc/3 snugly/RB/advmod/3 cuddle/VB/ROOT/0 with/IN/prep/3 tad/NN/pobj/4	12	1888,8	1934,2	2004,2
cuddle	but/CC/cc/4 under/IN/prep/4 stone/NN/pobj/2 cuddle/VB/ROOT/0 with/IN/prep/4 tad/NN/pobj/5	12	1888,8	1934,2	2004,2
cuddle	children/NNS/nsubj/4 with/IN/prep/1 autism/NN/pobj/2 cuddle/VB/ROOT/0 make/VB/conj/4 and/CC/cc/4	12	2003,4	2004,4	2005,2	2008,2
cuddle	cuddle/NN/dep/0 with/IN/prep/1 different/JJ/amod/4 shade/NN/pobj/2 of/IN/prep/4 meaning/NN/pobj/5	16	1831,2	1833,4	1834,2	1836,1	1852,1	1853,1	1854,1	1905,1	2004,1	2007,2
cuddle	cuddle/NNP/dobj/0 standing/VBG/partmod/1 beside/IN/prep/2 him/PRP/pobj/3 with/IN/prep/2 portmanteau/NN/pobj/5	12	1816,1	1817,1	1829,1	1836,1	1859,1	1867,1	1893,2	1895,2	1898,1	1901,1
cuddle	cuddle/NNP/dobj/0 standing/VBG/partmod/1 with/IN/prep/2 portmanteau/NN/pobj/3 in/IN/prep/4 hand/NN/pobj/5	12	1816,1	1817,1	1829,1	1836,1	1859,1	1867,1	1893,2	1895,2	1898,1	1901,1
cuddle	cuddle/VB/ROOT/0 in/IN/prep/1 hand/NN/pobj/2 snuffing/VBG/partmod/3 with/IN/prep/4 nose/NN/pobj/5	13	1910,8	1988,1	2001,2	2005,1	2008,1
cuddle	cuddle/VB/ROOT/0 with/IN/prep/1 head/NN/pobj/2 always/RB/cc/1 in/IN/conj/1 air/NN/pobj/5	28	1918,11	1919,2	1941,1	1945,1	2004,1	2006,1	2007,1	2008,10
cuddle	cuddle/VB/ROOT/0 with/IN/prep/1 head/NN/pobj/2 imploring/VBG/advcl/1 always/RB/cc/1 in/IN/conj/1	28	1918,11	1919,2	1941,1	1945,1	2004,1	2006,1	2007,1	2008,10
cuddle	cuddle/VB/ROOT/0 with/IN/prep/1 head/NN/pobj/2 imploring/VBG/advcl/1 protection/NN/dobj/4	28	1918,11	1919,2	1941,1	1945,1	2004,1	2006,1	2007,1	2008,10
cuddle	cuddle/VB/ROOT/0 with/IN/prep/1 head/NN/pobj/2 on/IN/prep/3 shoulder/NN/pobj/4 always/RB/cc/1 in/IN/conj/1	28	1918,11	1919,2	1941,1	1945,1	2004,1	2006,1	2007,1	2008,10
cuddle	cuddle/VB/ROOT/0 with/IN/prep/1 head/NN/pobj/2 on/IN/prep/3 shoulder/NN/pobj/4 imploring/VBG/advcl/1	28	1918,11	1919,2	1941,1	1945,1	2004,1	2006,1	2007,1	2008,10
cuddle	cuddle/VB/ROOT/0 with/IN/prep/1 other/JJ/amod/4 tad/NN/pobj/2 was/VBD/advcl/1	12	1888,8	1934,2	2004,2
cuddle	cuddle/VB/ROOT/0 with/IN/prep/1 other/JJ/amod/4 tad/NN/pobj/2 was/VBD/rcmod/4	15	1888,8	1934,2	1947,1	1996,2	2004,2
cuddle	cuddle/VB/ROOT/0 with/IN/prep/1 tad/NN/pobj/2 was/VBD/advcl/1 pretty/JJ/acomp/4	12	1888,8	1934,2	2004,2
cuddle	cuddle/VB/ROOT/0 with/IN/prep/1 tad/NN/pobj/2 was/VBD/rcmod/3 pretty/JJ/acomp/4	15	1888,8	1934,2	1947,1	1996,2	2004,2
cuddle	cuddle/VB/conj/0 and/CC/cc/1 lie/VB/conj/1 fashion/NN/dobj/3 with/IN/prep/3 you/PRP/pobj/5	28	1906,3	1927,4	1937,2	1950,4	1958,2	1961,1	1964,1	1965,2	1982,4	1987,1	1992,1	2000,2	2004,1
cuddle	cuddle/VB/conj/0 and/CC/cc/1 lie/VB/conj/1 spoonfashion/NN/dobj/3 with/IN/prep/3 you/PRP/pobj/5	10	1948,6	1965,1	1970,2	1974,1
cuddle	cuddle/VB/conj/0 and/CC/cc/1 lie/VB/conj/1 with/IN/prep/3 you/PRP/pobj/4 matter/NN/advmod/3	35	1906,3	1927,4	1937,2	1948,6	1950,4	1958,2	1961,1	1964,1	1965,3	1974,1	1982,4	1992,1	2000,2	2004,1
cuddle	cuddle/VB/conj/0 it/PRP/dobj/1 and/CC/cc/1 play/VB/conj/1 with/IN/prep/4 it/PRP/pobj/5	13	1900,6	1901,4	2002,2	2008,1
cuddle	cuddle/VB/conj/0 little/JJ/amod/3 one/CD/dobj/1 with/IN/prep/1 show/NN/pobj/4	12	1919,2	2003,1	2004,2	2005,1	2007,4	2008,2
cuddle	cuddle/VB/conj/0 little/JJ/dobj/1 with/IN/prep/2 her/PRP/pobj/3 under/IN/prep/1 towel/NN/pobj/5	17	1936,6	1937,6	1939,2	1946,1	1996,2
cuddle	cuddle/VB/conj/0 one/CD/dobj/1 with/IN/prep/1 great/JJ/amod/5 show/NN/pobj/3	12	1919,2	2003,1	2004,2	2005,1	2007,4	2008,2
cuddle	cuddle/VB/conj/0 one/CD/dobj/1 with/IN/prep/1 show/NN/pobj/3 as/IN/prep/4 teeka/NNP/pobj/5	12	1919,2	2003,1	2004,2	2005,1	2007,4	2008,2
cuddle	cuddle/VB/conj/0 one/CD/dobj/1 with/IN/prep/1 show/NN/pobj/3 displayed/VBN/rcmod/4	12	1919,2	2003,1	2004,2	2005,1	2007,4	2008,2
cuddle	cuddle/VB/conj/0 one/CD/dobj/1 with/IN/prep/1 show/NN/pobj/3 of/IN/prep/4 affection/NN/pobj/5	12	1919,2	2003,1	2004,2	2005,1	2007,4	2008,2
cuddle	cuddle/VB/conj/0 with/IN/prep/1 as/RB/advmod/4 great/JJ/amod/5 show/NN/pobj/2	12	1919,2	2003,1	2004,2	2005,1	2007,4	2008,2
cuddle	cuddle/VB/conj/0 with/IN/prep/1 even/RB/advmod/4 great/JJ/amod/5 show/NN/pobj/2	12	1919,2	2003,1	2004,2	2005,1	2007,4	2008,2
cuddle	cuddle/VB/conj/0 with/IN/prep/1 great/JJ/amod/4 show/NN/pobj/2 as/IN/prep/4 teeka/NNP/pobj/5	12	1919,2	2003,1	2004,2	2005,1	2007,4	2008,2
cuddle	cuddle/VB/conj/0 with/IN/prep/1 great/JJ/amod/4 show/NN/pobj/2 displayed/VBN/rcmod/4	12	1919,2	2003,1	2004,2	2005,1	2007,4	2008,2
cuddle	cuddle/VB/conj/0 with/IN/prep/1 great/JJ/amod/4 show/NN/pobj/2 of/IN/prep/4 affection/NN/pobj/5	12	1919,2	2003,1	2004,2	2005,1	2007,4	2008,2
cuddle	cuddle/VB/conj/0 with/IN/prep/1 show/NN/pobj/2 as/IN/prep/3 teeka/NNP/pobj/4 displayed/VBN/rcmod/3	12	1919,2	2003,1	2004,2	2005,1	2007,4	2008,2
cuddle	cuddle/VB/conj/0 with/IN/prep/1 show/NN/pobj/2 herself/PRP/nsubj/5 displayed/VBN/rcmod/3	12	1919,2	2003,1	2004,2	2005,1	2007,4	2008,2
cuddle	cuddle/VB/conj/0 with/IN/prep/1 show/NN/pobj/2 of/IN/prep/3 affection/NN/pobj/4 as/IN/prep/3 teeka/NNP/pobj/6	12	1919,2	2003,1	2004,2	2005,1	2007,4	2008,2
cuddle	cuddle/VB/conj/0 with/IN/prep/1 show/NN/pobj/2 of/IN/prep/3 affection/NN/pobj/4 displayed/VBN/rcmod/3	12	1919,2	2003,1	2004,2	2005,1	2007,4	2008,2
cuddle	cuddle/VB/infmod/0 and/CC/cc/1 go/VB/conj/1 sleep/VB/xcomp/3 with/IN/prep/4	12	1926,2	1977,3	1999,2	2004,1	2005,1	2006,1	2008,2
cuddle	cuddle/VB/xcomp/0 in/IN/prep/1 arms/NNS/pobj/2 with/IN/prep/1 hand/NN/pobj/4 on/IN/prep/5 shoulder/NN/pobj/6	11	1871,1	1894,1	1898,2	1899,1	1900,1	1901,1	1903,1	1907,1	2005,1	2007,1
cuddle	cuddle/VB/xcomp/0 in/IN/prep/1 arms/NNS/pobj/2 with/IN/prep/1 little/JJ/amod/6 hand/NN/pobj/4	11	1871,1	1894,1	1898,2	1899,1	1900,1	1901,1	1903,1	1907,1	2005,1	2007,1
cuddle	cuddle/VB/xcomp/0 me/PRP/dobj/1 with/IN/prep/1 many/JJ/amod/5 words/NNS/pobj/3	16	1922,1	1924,2	1927,2	1928,1	1930,1	2001,1	2004,1	2007,3	2008,4
cuddle	cuddle/VB/xcomp/0 me/PRP/dobj/1 with/IN/prep/1 soft/JJ/amod/5 words/NNS/pobj/3	16	1922,1	1924,2	1927,2	1928,1	1930,1	2001,1	2004,1	2007,3	2008,4
cuddle	cuddle/VB/xcomp/0 me/PRP/dobj/1 with/IN/prep/1 words/NNS/pobj/3 and/CC/cc/4 kisses/NNS/conj/4	13	1922,1	1924,2	1927,2	1928,1	1930,1	2001,1	2004,1	2007,2	2008,2
cuddle	cuddle/VB/xcomp/0 me/PRP/dobj/1 with/IN/prep/1 words/NNS/pobj/3 till/IN/prep/4	12	1922,1	1924,2	1927,2	1928,1	1930,1	2001,1	2007,2	2008,2
cuddle	cuddle/VB/xcomp/0 with/IN/prep/1 little/JJ/amod/4 hand/NN/pobj/2 on/IN/prep/4 shoulder/NN/pobj/5	11	1871,1	1894,1	1898,2	1899,1	1900,1	1901,1	1903,1	1907,1	2005,1	2007,1
cuddle	cuddle/VB/xcomp/0 with/IN/prep/1 many/JJ/amod/4 words/NNS/pobj/2 and/CC/cc/4 kisses/NNS/conj/4	13	1922,1	1924,2	1927,2	1928,1	1930,1	2001,1	2004,1	2007,2	2008,2
cuddle	cuddle/VB/xcomp/0 with/IN/prep/1 many/JJ/amod/4 words/NNS/pobj/2 till/IN/prep/4	12	1922,1	1924,2	1927,2	1928,1	1930,1	2001,1	2007,2	2008,2
cuddle	cuddle/VB/xcomp/0 with/IN/prep/1 many/JJ/amod/5 soft/JJ/amod/5 words/NNS/pobj/2	16	1922,1	1924,2	1927,2	1928,1	1930,1	2001,1	2004,1	2007,3	2008,4
cuddle	cuddle/VB/xcomp/0 with/IN/prep/1 so/RB/advmod/4 many/JJ/amod/5 words/NNS/pobj/2	16	1922,1	1924,2	1927,2	1928,1	1930,1	2001,1	2004,1	2007,3	2008,4
cuddle	cuddle/VB/xcomp/0 with/IN/prep/1 soft/JJ/amod/4 words/NNS/pobj/2 and/CC/cc/4 kisses/NNS/conj/4	13	1922,1	1924,2	1927,2	1928,1	1930,1	2001,1	2004,1	2007,2	2008,2
cuddle	cuddle/VB/xcomp/0 with/IN/prep/1 soft/JJ/amod/4 words/NNS/pobj/2 till/IN/prep/4	12	1922,1	1924,2	1927,2	1928,1	1930,1	2001,1	2007,2	2008,2
cuddle	cuddle/VB/xcomp/0 with/IN/prep/1 words/NNS/pobj/2 and/CC/cc/3 kisses/NNS/conj/3 till/IN/prep/3	12	1922,1	1924,2	1927,2	1928,1	1930,1	2001,1	2007,2	2008,2
cuddle	cuddle/VB/xcomp/0 with/IN/prep/1 words/NNS/pobj/2 till/IN/prep/3 came/VBD/dep/4	12	1922,1	1924,2	1927,2	1928,1	1930,1	2001,1	2007,2	2008,2
cuddle	eng./JJ/amod/2 cuddle/NN/dep/0 with/IN/prep/2 different/JJ/amod/5 shade/NN/pobj/3	15	1831,2	1833,4	1834,2	1836,1	1852,1	1853,1	1854,1	1905,1	2004,1	2007,1
cuddle	eng./JJ/amod/2 cuddle/NN/dep/0 with/IN/prep/2 shade/NN/pobj/3 of/IN/prep/4 meaning/NN/pobj/5	15	1831,2	1833,4	1834,2	1836,1	1852,1	1853,1	1854,1	1905,1	2004,1	2007,1
cuddle	faithful/JJ/amod/2 cuddle/NNP/dobj/0 standing/VBG/partmod/2 with/IN/prep/3 portmanteau/NN/pobj/4	12	1816,1	1817,1	1829,1	1836,1	1859,1	1867,1	1893,2	1895,2	1898,1	1901,1
cuddle	i/PRP/nsubj/2 cuddle/VB/ROOT/0 with/IN/prep/2 other/JJ/amod/5 tad/NN/pobj/3	27	1888,16	1934,4	1947,1	1996,2	2004,4
cuddle	i/PRP/nsubj/2 cuddle/VB/ROOT/0 with/IN/prep/2 tad/NN/pobj/3 was/VBD/advcl/2	12	1888,8	1934,2	2004,2
cuddle	i/PRP/nsubj/2 cuddle/VB/ROOT/0 with/IN/prep/2 tad/NN/pobj/3 was/VBD/rcmod/4	15	1888,8	1934,2	1947,1	1996,2	2004,2
cuddle	i/PRP/nsubj/3 snugly/RB/advmod/3 cuddle/VB/ROOT/0 with/IN/prep/3 tad/NN/pobj/4	27	1888,16	1934,4	1947,1	1996,2	2004,4
cuddle	she/PRP/nsubj/2 cuddle/VB/ROOT/0 with/IN/prep/2 head/NN/pobj/3 always/RB/cc/2 in/IN/conj/2	28	1918,11	1919,2	1941,1	1945,1	2004,1	2006,1	2007,1	2008,10
cuddle	she/PRP/nsubj/2 cuddle/VB/ROOT/0 with/IN/prep/2 head/NN/pobj/3 imploring/VBG/advcl/2	28	1918,11	1919,2	1941,1	1945,1	2004,1	2006,1	2007,1	2008,10
cuddle	she/PRP/nsubj/2 cuddle/VB/ROOT/0 with/IN/prep/2 head/NN/pobj/3 on/IN/prep/4 shoulder/NN/pobj/5	28	1918,11	1919,2	1941,1	1945,1	2004,1	2006,1	2007,1	2008,10
cuddle	snugly/RB/advmod/2 cuddle/VB/ROOT/0 with/IN/prep/2 other/JJ/amod/5 tad/NN/pobj/3	27	1888,16	1934,4	1947,1	1996,2	2004,4
cuddle	snugly/RB/advmod/2 cuddle/VB/ROOT/0 with/IN/prep/2 tad/NN/pobj/3 was/VBD/advcl/2	12	1888,8	1934,2	2004,2
cuddle	snugly/RB/advmod/2 cuddle/VB/ROOT/0 with/IN/prep/2 tad/NN/pobj/3 was/VBD/rcmod/4	15	1888,8	1934,2	1947,1	1996,2	2004,2
cuddle	so/RB/advmod/2 snugly/RB/advmod/3 cuddle/VB/ROOT/0 with/IN/prep/3 tad/NN/pobj/4	27	1888,16	1934,4	1947,1	1996,2	2004,4
cuddle	under/IN/prep/3 stone/NN/pobj/1 cuddle/VB/ROOT/0 with/IN/prep/3 other/JJ/amod/6 tad/NN/pobj/4	27	1888,16	1934,4	1947,1	1996,2	2004,4
cuddle	under/IN/prep/3 stone/NN/pobj/1 cuddle/VB/ROOT/0 with/IN/prep/3 tad/NN/pobj/4 was/VBD/advcl/3	12	1888,8	1934,2	2004,2
cuddle	under/IN/prep/3 stone/NN/pobj/1 cuddle/VB/ROOT/0 with/IN/prep/3 tad/NN/pobj/4 was/VBD/rcmod/5	15	1888,8	1934,2	1947,1	1996,2	2004,2
cuddle	under/IN/prep/4 stone/NN/pobj/1 i/PRP/nsubj/4 cuddle/VB/ROOT/0 with/IN/prep/4 tad/NN/pobj/5	27	1888,16	1934,4	1947,1	1996,2	2004,4
cuddle	under/IN/prep/4 stone/NN/pobj/1 snugly/RB/advmod/4 cuddle/VB/ROOT/0 with/IN/prep/4 tad/NN/pobj/5	27	1888,16	1934,4	1947,1	1996,2	2004,4
cuddle	with/IN/ref/2 cuddle/VB/rcmod/0 in/IN/prep/2 comfortable/JJ/amod/5 attitude/NN/pobj/3	20	1942,3	1948,1	1951,3	1957,4	1960,1	1972,2	1985,3	1989,1	1991,1	1995,1
cuddle	with/IN/ref/2 cuddle/VB/rcmod/0 up/RP/advmod/2 in/IN/prep/2 attitude/NN/pobj/4	20	1942,3	1948,1	1951,3	1957,4	1960,1	1972,2	1985,3	1989,1	1991,1	1995,1
cuddle	with/IN/ref/2 cuddle/VB/rcmod/0 up/RP/advmod/2 to/TO/dep/3	20	1942,3	1948,1	1951,3	1957,4	1960,1	1972,2	1985,3	1989,1	1991,1	1995,1
cuddle	with/IN/ref/3 we/PRP/nsubj/3 cuddle/VB/rcmod/0 in/IN/prep/3 attitude/NN/pobj/4	20	1942,3	1948,1	1951,3	1957,4	1960,1	1972,2	1985,3	1989,1	1991,1	1995,1
cuddle	with/IN/ref/3 we/PRP/nsubj/3 cuddle/VB/rcmod/0 up/RP/advmod/3	20	1942,3	1948,1	1951,3	1957,4	1960,1	1972,2	1985,3	1989,1	1991,1	1995,1
cuddle	with/IN/ref/3 which/WDT/pobj/1 cuddle/VB/rcmod/0 in/IN/prep/3 attitude/NN/pobj/4	20	1942,3	1948,1	1951,3	1957,4	1960,1	1972,2	1985,3	1989,1	1991,1	1995,1
cuddle	with/IN/ref/3 which/WDT/pobj/1 cuddle/VB/rcmod/0 up/RP/advmod/3	20	1942,3	1948,1	1951,3	1957,4	1960,1	1972,2	1985,3	1989,1	1991,1	1995,1
cuddle	with/IN/ref/4 which/WDT/pobj/1 we/PRP/nsubj/4 cuddle/VB/rcmod/0	20	1942,3	1948,1	1951,3	1957,4	1960,1	1972,2	1985,3	1989,1	1991,1	1995,1
cuddled	also/RB/advmod/2 cuddled/VBD/rcmod/0 with/IN/prep/2 mother/NN/pobj/3 getting/VBG/xcomp/2	10	1986,1	1989,2	1991,1	1993,1	1994,1	1995,1	1997,1	1998,1	1999,1
cuddled	and/CC/cc/4 with/IN/prep/4 passion/NN/pobj/2 cuddled/VBD/ROOT/0 in/IN/prep/4 arms/NNS/pobj/5	10	1919,3	2005,1	2007,3	2008,3
cuddled	and/CC/cc/4 with/IN/prep/4 passion/NN/pobj/2 cuddled/VBD/ROOT/0 mite/NN/dobj/4	10	1919,3	2005,1	2007,3	2008,3
cuddled	and/CC/cc/5 with/IN/prep/5 passion/NN/pobj/2 she/PRP/nsubj/5 cuddled/VBD/ROOT/0	10	1919,3	2005,1	2007,3	2008,3
cuddled	and/CC/cc/6 with/IN/prep/6 passion/NN/pobj/2 of/IN/prep/3 maternity/NN/pobj/4 cuddled/VBD/ROOT/0	10	1919,3	2005,1	2007,3	2008,3
cuddled	as/IN/compl/2 cuddled/VBD/ccomp/0 feet/NNS/dobj/2 with/IN/prep/2 air/NN/pobj/4	25	1912,1	1926,1	1946,1	1947,1	1948,1	1950,1	1955,1	1963,1	1987,1	1991,1	2004,3	2006,3	2007,5	2008,4
cuddled	as/IN/compl/2 cuddled/VBD/ccomp/0 with/IN/prep/2 motherly/JJ/amod/5 air/NN/pobj/3	25	1912,1	1926,1	1946,1	1947,1	1948,1	1950,1	1955,1	1963,1	1987,1	1991,1	2004,3	2006,3	2007,5	2008,4
cuddled	as/IN/compl/3 she/PRP/nsubj/3 cuddled/VBD/ccomp/0 with/IN/prep/3 air/NN/pobj/4	25	1912,1	1926,1	1946,1	1947,1	1948,1	1950,1	1955,1	1963,1	1987,1	1991,1	2004,3	2006,3	2007,5	2008,4
cuddled	child/NN/nsubjpass/2 cuddled/VBD/rcmod/0 with/IN/prep/2 mother/NN/pobj/3 getting/VBG/xcomp/2	10	1986,1	1989,2	1991,1	1993,1	1994,1	1995,1	1997,1	1998,1	1999,1
cuddled	child/NN/nsubjpass/3 also/RB/advmod/3 cuddled/VBD/rcmod/0 with/IN/prep/3 mother/NN/pobj/4	10	1986,1	1989,2	1991,1	1993,1	1994,1	1995,1	1997,1	1998,1	1999,1
cuddled	cuddled/VBD/ROOT/0 book/NN/dobj/1 with/IN/prep/1 drawn/JJ/dep/5 sigh/NN/pobj/3	10	1896,1	1912,1	1913,2	1919,6
cuddled	cuddled/VBD/ROOT/0 book/NN/dobj/1 with/IN/prep/1 sigh/NN/pobj/3 of/IN/prep/4 content/NN/pobj/5	10	1896,1	1912,1	1913,2	1919,6
cuddled	cuddled/VBD/ROOT/0 but/CC/cc/1 looked/VBD/conj/1 curse/VB/xcomp/3 with/IN/prep/4 abandon/NN/pobj/5	88	1895,1	1896,2	1898,1	1900,1	1925,3	1942,1	1950,1	1951,2	1952,5	1953,1	1954,1	1957,2	1960,5	1962,2	1963,5	1964,1	1965,1	1967,2	1968,1	1969,2	1972,1	1974,1	1976,1	1979,1	1980,2	1981,4	1984,3	1985,1	1989,1	1990,2	1991,3	1994,1	1997,4	1998,1	1999,1	2000,2	2001,3	2002,1	2003,2	2004,4	2005,2	2006,1	2007,3	2008,3
cuddled	cuddled/VBD/ROOT/0 close/RB/advmod/1 and/CC/cc/1 whined/VBD/conj/1 with/IN/prep/4 fear/NN/pobj/5	13	1914,4	1919,2	1929,1	2004,1	2006,1	2008,4
cuddled	cuddled/VBD/ROOT/0 close/RB/advmod/1 warmed/VBD/dep/1 with/IN/prep/3 body/NN/pobj/4	18	1954,1	1958,4	1960,2	1961,1	1963,4	1966,1	1969,2	1971,1	1972,1	1982,1
cuddled	cuddled/VBD/ROOT/0 in/IN/prep/1 corners/NNS/pobj/2 of/IN/prep/3 chimneys/NNS/pobj/4 with/IN/prep/5 feet/NNS/pobj/6	13	1800,1	1868,3	1872,2	1904,4	1968,1	1978,1	2007,1
cuddled	cuddled/VBD/ROOT/0 lotty/NNP/nsubj/5 with/IN/prep/2 hands/NNS/pobj/3 trying/VBG/advcl/1	14	1899,1	2005,2	2006,1	2007,8	2008,2
cuddled	cuddled/VBD/ROOT/0 me/PRP/dobj/1 warmed/VBD/dep/1 with/IN/prep/3 body/NN/pobj/4	18	1954,1	1958,4	1960,2	1961,1	1963,4	1966,1	1969,2	1971,1	1972,1	1982,1
cuddled	cuddled/VBD/ROOT/0 to/TO/prep/1 her/PRP/pobj/2 with/IN/prep/1 consoled/JJ/amod/6 sniff/NN/pobj/4	17	1905,2	1938,1	1990,2	1999,3	2000,1	2002,2	2004,2	2008,4
cuddled	cuddled/VBD/ROOT/0 to/TO/prep/1 jane/NNP/pobj/2 slept/VBD/rcmod/3 with/IN/prep/4 her/PRP/pobj/5	19	1898,4	1907,1	2003,1	2004,1	2006,1	2007,2	2008,9
cuddled	cuddled/VBD/ROOT/0 trying/VBG/advcl/1 patch/NN/xcomp/2 with/IN/prep/3 bits/NNS/pobj/4	14	1899,1	2005,2	2006,1	2007,8	2008,2
cuddled	cuddled/VBD/ROOT/0 warmed/VBD/dep/1 me/PRP/dobj/2 with/IN/prep/2 body/NN/pobj/4	18	1954,1	1958,4	1960,2	1961,1	1963,4	1966,1	1969,2	1971,1	1972,1	1982,1
cuddled	cuddled/VBD/ROOT/0 warmed/VBD/dep/1 with/IN/prep/2 own/JJ/amod/5 body/NN/pobj/3	18	1954,1	1958,4	1960,2	1961,1	1963,4	1966,1	1969,2	1971,1	1972,1	1982,1
cuddled	cuddled/VBD/ROOT/0 with/IN/prep/1 drawn/JJ/dep/4 sigh/NN/pobj/2 of/IN/prep/4 content/NN/pobj/5	10	1896,1	1912,1	1913,2	1919,6
cuddled	cuddled/VBD/ROOT/0 with/IN/prep/1 long/JJ/dep/4 drawn/JJ/dep/5 sigh/NN/pobj/2	10	1896,1	1912,1	1913,2	1919,6
cuddled	cuddled/VBD/advcl/0 in/IN/prep/1 quiet/NN/pobj/2 of/IN/prep/3 corner/NN/pobj/4 with/IN/prep/1 book/NN/pobj/6	15	1974,6	1975,2	1976,2	1982,1	1991,1	1996,3
cuddled	cuddled/VBD/ccomp/0 feet/NNS/dobj/1 with/IN/prep/1 motherly/JJ/amod/5 air/NN/pobj/3	25	1912,1	1926,1	1946,1	1947,1	1948,1	1950,1	1955,1	1963,1	1987,1	1991,1	2004,3	2006,3	2007,5	2008,4
cuddled	cuddled/VBD/conj/0 down/RB/advmod/1 under/IN/prep/1 rug/NN/pobj/3 with/IN/prep/4 sigh/NN/pobj/5	13	1886,1	1889,1	2001,1	2004,1	2006,4	2007,3	2008,2
cuddled	cuddled/VBD/conj/0 in/IN/prep/1 lap/NN/pobj/2 under/IN/prep/1 rug/NN/pobj/4 with/IN/prep/5 sigh/NN/pobj/6	13	1886,1	1889,1	2001,1	2004,1	2006,4	2007,3	2008,2
cuddled	cuddled/VBD/conj/0 sinner/NN/nsubj/5 with/IN/prep/2 virtues/NNS/pobj/3 obtain/VB/ccomp/1	11	1848,1	1857,1	1866,3	1904,2	1906,3	2005,1
cuddled	cuddled/VBD/conj/0 something/NN/dobj/1 covered/VBN/partmod/2 with/IN/prep/3 handkerchief/NN/pobj/4	10	1894,2	1907,1	1976,1	2006,2	2007,2	2008,2
cuddled	cuddled/VBD/conj/0 them/PRP/dobj/1 with/IN/prep/1 heartful/JJ/amod/5 warmth/NN/pobj/3	12	1901,3	1912,1	2004,2	2005,3	2008,3
cuddled	cuddled/VBD/conj/0 them/PRP/dobj/1 with/IN/prep/1 warmth/NN/pobj/3 of/IN/prep/4 tenderness/NN/pobj/5	12	1901,3	1912,1	2004,2	2005,3	2008,3
cuddled	cuddled/VBD/conj/0 under/IN/prep/1 rug/NN/pobj/2 with/IN/prep/3 sigh/NN/pobj/4 of/IN/prep/5 relief/NN/pobj/6	13	1886,1	1889,1	2001,1	2004,1	2006,4	2007,3	2008,2
cuddled	cuddled/VBD/conj/0 under/IN/prep/1 warm/JJ/amod/4 rug/NN/pobj/2 with/IN/prep/4 sigh/NN/pobj/5	13	1886,1	1889,1	2001,1	2004,1	2006,4	2007,3	2008,2
cuddled	cuddled/VBD/conj/0 with/IN/prep/1 heartful/JJ/amod/4 warmth/NN/pobj/2 of/IN/prep/4 tenderness/NN/pobj/5	12	1901,3	1912,1	2004,2	2005,3	2008,3
cuddled	cuddled/VBD/dep/0 among/IN/prep/1 trees/NNS/pobj/2 with/IN/prep/1 great/JJ/amod/6 hulk/NN/pobj/4	11	1893,7	1894,1	1904,2	2005,1
cuddled	cuddled/VBD/dep/0 among/IN/prep/1 trees/NNS/pobj/2 with/IN/prep/1 hulk/NN/pobj/4 of/IN/prep/5 church/NN/pobj/6	11	1893,7	1894,1	1904,2	2005,1
cuddled	cuddled/VBD/dep/0 with/IN/prep/1 great/JJ/amod/4 hulk/NN/pobj/2 of/IN/prep/4 church/NN/pobj/5	11	1893,7	1894,1	1904,2	2005,1
cuddled	cuddled/VBD/dep/0 with/IN/prep/1 hulk/NN/pobj/2 of/IN/prep/3 church/NN/pobj/4 looming/VBG/partmod/5	11	1893,7	1894,1	1904,2	2005,1
cuddled	cuddled/VBD/rcmod/0 with/IN/prep/1 mother/NN/pobj/2 getting/VBG/xcomp/1 attention/NN/dobj/4	10	1986,1	1989,2	1991,1	1993,1	1994,1	1995,1	1997,1	1998,1	1999,1
cuddled	cuddled/VBD/rcmod/0 with/IN/prep/1 mother/NN/pobj/2 getting/VBG/xcomp/1 fed/VBN/advcl/4	10	1986,1	1989,2	1991,1	1993,1	1994,1	1995,1	1997,1	1998,1	1999,1
cuddled	cuddled/VBN/ROOT/0 and/CC/cc/1 associations/NNS/conj/1 with/IN/prep/3 people/NNS/pobj/4 from/IN/prep/5 age/NN/pobj/6	16	1979,7	1980,3	1981,3	1983,2	1988,1
cuddled	cuddled/VBN/ROOT/0 and/CC/cc/1 experience/NN/amod/4 associations/NNS/conj/1 with/IN/prep/4 people/NNS/pobj/5	16	1979,7	1980,3	1981,3	1983,2	1988,1
cuddled	cuddled/VBN/ROOT/0 and/CC/cc/1 pleasurable/JJ/amod/4 associations/NNS/conj/1 with/IN/prep/4 people/NNS/pobj/5	16	1979,7	1980,3	1981,3	1983,2	1988,1
cuddled	cuddled/VBN/ROOT/0 and/CC/cc/1 resented/VBD/conj/1 moving/VBG/dobj/3 with/IN/prep/4 growls/NNS/pobj/5	12	1909,5	1916,1	1925,1	1927,3	1929,1	2008,1
cuddled	cuddled/VBN/ROOT/0 often/RB/advmod/1 and/CC/cc/1 associations/NNS/conj/1 with/IN/prep/4 people/NNS/pobj/5	16	1979,7	1980,3	1981,3	1983,2	1988,1
cuddled	dog/NN/nsubjpass/2 cuddled/VBN/ROOT/0 and/CC/cc/2 associations/NNS/conj/2 with/IN/prep/4 people/NNS/pobj/5	16	1979,7	1980,3	1981,3	1983,2	1988,1
cuddled	first/JJ/amod/2 child/NN/nsubjpass/3 cuddled/VBD/rcmod/0 with/IN/prep/3 mother/NN/pobj/4	10	1986,1	1989,2	1991,1	1993,1	1994,1	1995,1	1997,1	1998,1	1999,1
cuddled	he/PRP/nsubj/2 cuddled/VBD/ROOT/0 book/NN/dobj/2 with/IN/prep/2 sigh/NN/pobj/4	10	1896,1	1912,1	1913,2	1919,6
cuddled	he/PRP/nsubj/2 cuddled/VBD/ROOT/0 with/IN/prep/2 drawn/JJ/dep/5 sigh/NN/pobj/3	10	1896,1	1912,1	1913,2	1919,6
cuddled	he/PRP/nsubj/2 cuddled/VBD/ROOT/0 with/IN/prep/2 sigh/NN/pobj/3 of/IN/prep/4 content/NN/pobj/5	10	1896,1	1912,1	1913,2	1919,6
cuddled	i/PRP/nsubj/2 cuddled/VBD/advcl/0 in/IN/prep/2 quiet/NN/pobj/3 with/IN/prep/2 book/NN/pobj/5	15	1974,6	1975,2	1976,2	1982,1	1991,1	1996,3
cuddled	in/IN/prep/3 general/JJ/pobj/1 cuddled/VBN/ROOT/0 and/CC/cc/3 associations/NNS/conj/3 with/IN/prep/5 people/NNS/pobj/6	16	1979,7	1980,3	1981,3	1983,2	1988,1
cuddled	lottie/NNP/nsubj/2 cuddled/VBD/ROOT/0 to/TO/prep/2 her/PRP/pobj/3 with/IN/prep/2 sniff/NN/pobj/5	17	1905,2	1938,1	1990,2	1999,3	2000,1	2002,2	2004,2	2008,4
cuddled	lottie/NNP/nsubj/2 cuddled/VBD/ROOT/0 with/IN/prep/2 consoled/JJ/amod/5 sniff/NN/pobj/3	17	1905,2	1938,1	1990,2	1999,3	2000,1	2002,2	2004,2	2008,4
cuddled	mites/NNS/nsubj/5 tired/VBN/partmod/1 with/IN/prep/2 play/NN/pobj/3 cuddled/VBD/conj/0	10	1901,5	2003,1	2004,1	2007,1	2008,2
cuddled	nip/NN/nsubj/2 cuddled/VBD/ROOT/0 and/CC/cc/2 whined/VBD/conj/2 with/IN/prep/4 fear/NN/pobj/5	13	1914,4	1919,2	1929,1	2004,1	2006,1	2008,4
cuddled	one/NN/nsubj/2 cuddled/VBD/ROOT/0 with/IN/prep/2 head/NN/pobj/3 in/IN/prep/2 lap/NN/pobj/5	36	1906,9	1909,2	1914,1	1916,1	1917,2	1918,1	1919,1	1925,3	1940,1	1953,5	2003,2	2004,1	2005,1	2007,3	2008,3
cuddled	she/PRP/nsubj/2 cuddled/VBD/ROOT/0 closer/RBR/advmod/2 and/CC/cc/2 with/IN/conj/2	10	1906,2	1907,2	2004,1	2005,1	2008,4
cuddled	she/PRP/nsubj/2 cuddled/VBD/ROOT/0 warmed/VBD/dep/2 with/IN/prep/3 body/NN/pobj/4	18	1954,1	1958,4	1960,2	1961,1	1963,4	1966,1	1969,2	1971,1	1972,1	1982,1
cuddled	she/PRP/nsubj/2 cuddled/VBD/ccomp/0 feet/NNS/dobj/2 with/IN/prep/2 air/NN/pobj/4	25	1912,1	1926,1	1946,1	1947,1	1948,1	1950,1	1955,1	1963,1	1987,1	1991,1	2004,3	2006,3	2007,5	2008,4
cuddled	she/PRP/nsubj/2 cuddled/VBD/ccomp/0 with/IN/prep/2 motherly/JJ/amod/5 air/NN/pobj/3	25	1912,1	1926,1	1946,1	1947,1	1948,1	1950,1	1955,1	1963,1	1987,1	1991,1	2004,3	2006,3	2007,5	2008,4
cuddled	took/VBD/ccomp/5 bed/VB/xcomp/1 with/IN/prep/2 her/PRP/pobj/3 cuddled/VBD/ROOT/0	14	1982,2	1985,2	1991,1	1994,3	1998,1	2002,4	2005,1
cuddled	where/WRB/ref/2 cuddled/VBD/rcmod/0 with/IN/prep/2 mother/NN/pobj/3 getting/VBG/xcomp/2	10	1986,1	1989,2	1991,1	1993,1	1994,1	1995,1	1997,1	1998,1	1999,1
cuddled	where/WRB/ref/3 also/RB/advmod/3 cuddled/VBD/rcmod/0 with/IN/prep/3 mother/NN/pobj/4	10	1986,1	1989,2	1991,1	1993,1	1994,1	1995,1	1997,1	1998,1	1999,1
cuddled	where/WRB/ref/3 child/NN/nsubjpass/3 cuddled/VBD/rcmod/0 with/IN/prep/3 mother/NN/pobj/4	10	1986,1	1989,2	1991,1	1993,1	1994,1	1995,1	1997,1	1998,1	1999,1
cuddled	with/IN/prep/3 passion/NN/pobj/1 cuddled/VBD/ROOT/0 mite/NN/dobj/3 in/IN/prep/3 arms/NNS/pobj/5	10	1919,3	2005,1	2007,3	2008,3
cuddled	with/IN/prep/4 passion/NN/pobj/1 she/PRP/nsubj/4 cuddled/VBD/ROOT/0 in/IN/prep/4 arms/NNS/pobj/5	10	1919,3	2005,1	2007,3	2008,3
cuddled	with/IN/prep/4 passion/NN/pobj/1 she/PRP/nsubj/4 cuddled/VBD/ROOT/0 mite/NN/dobj/4	10	1919,3	2005,1	2007,3	2008,3
cuddled	with/IN/prep/5 passion/NN/pobj/1 of/IN/prep/2 maternity/NN/pobj/3 cuddled/VBD/ROOT/0 in/IN/prep/5 arms/NNS/pobj/6	10	1919,3	2005,1	2007,3	2008,3
cuddled	with/IN/prep/5 passion/NN/pobj/1 of/IN/prep/2 maternity/NN/pobj/3 cuddled/VBD/ROOT/0 mite/NN/dobj/5	10	1919,3	2005,1	2007,3	2008,3
cuddled	with/IN/prep/6 passion/NN/pobj/1 of/IN/prep/2 maternity/NN/pobj/3 is/VBZ/rcmod/4 cuddled/VBD/ROOT/0	10	1919,3	2005,1	2007,3	2008,3
cuddled	with/IN/prep/6 passion/NN/pobj/1 of/IN/prep/2 maternity/NN/pobj/3 she/PRP/nsubj/6 cuddled/VBD/ROOT/0	10	1919,3	2005,1	2007,3	2008,3
cuddled	younger/JJR/amod/2 one/NN/nsubj/3 cuddled/VBD/ROOT/0 with/IN/prep/3 head/NN/pobj/4	36	1906,9	1909,2	1914,1	1916,1	1917,2	1918,1	1919,1	1925,3	1940,1	1953,5	2003,2	2004,1	2005,1	2007,3	2008,3
cuddles	cuddles/NNS/nsubj/0 to/TO/prep/1 side/NN/pobj/2 and/CC/cc/3 filling/VBG/conj/3 with/IN/prep/5 happiness/NN/pobj/6	10	1867,3	1914,1	2004,1	2007,2	2008,3
cuddles	cuddles/NNS/pobj/0 with/IN/prep/1 cheese/NN/pobj/2 and/CC/cc/3 nearly/RB/advmod/6 bats/NNS/conj/3	28	1914,1	1928,1	1932,2	1946,4	1948,1	1962,2	1972,1	1982,1	1984,1	1990,1	1992,1	1997,1	1998,1	2003,1	2004,4	2005,2	2007,1	2008,2
cuddles	cuddles/VBZ/ROOT/0 cinematographs/VBZ/conj/1 itself/PRP/dobj/2 with/IN/prep/2 pictures/NNS/pobj/4 and/CC/cc/1	14	1916,5	1920,1	1928,1	1957,1	1970,1	1973,3	1991,1	1993,1
cuddles	cuddles/VBZ/ROOT/0 cinematographs/VBZ/conj/1 silly/RB/advmod/2 with/IN/prep/2 pictures/NNS/pobj/4 and/CC/cc/1	14	1916,5	1920,1	1928,1	1957,1	1970,1	1973,3	1991,1	1993,1
cuddles	cuddles/VBZ/ROOT/0 cinematographs/VBZ/conj/1 with/IN/prep/2 pictures/NNS/pobj/3 and/CC/cc/1 casts/VBZ/conj/1	14	1916,5	1920,1	1928,1	1957,1	1970,1	1973,3	1991,1	1993,1
cuddles	cuddles/VBZ/ROOT/0 cinematographs/VBZ/conj/1 with/IN/prep/2 pictures/NNS/pobj/3 of/IN/prep/4 fighters/NNS/pobj/5 and/CC/cc/1	14	1916,5	1920,1	1928,1	1957,1	1970,1	1973,3	1991,1	1993,1
cuddles	cuddles/VBZ/ROOT/0 millionaires/NNS/dobj/1 cinematographs/VBZ/conj/1 with/IN/prep/3 pictures/NNS/pobj/4 and/CC/cc/1	10	1916,1	1920,1	1928,1	1957,1	1970,1	1973,3	1991,1	1993,1
cuddles	nation/NN/nsubj/2 cuddles/VBZ/ROOT/0 cinematographs/VBZ/conj/2 with/IN/prep/3 pictures/NNS/pobj/4 and/CC/cc/2	14	1916,5	1920,1	1928,1	1957,1	1970,1	1973,3	1991,1	1993,1
